"";"Estaciones";"num_lances";"geometry"
"1";"105";233;list(c(-6.79266703898162, -6.79287780427267, -6.79297259972924, -6.79367778542275, -6.7938620211526, -6.79420825132933, -6.79494518630472, -6.79506128318084, -6.79544774341772, -6.79564847938981, -6.79571452738017, -6.81354040768162, -6.81270412955687, -6.7919085635089, -6.79266703898162, 37.1142683574193, 37.1143198227995, 37.1143466216648, 37.1145943608527, 37.1146725751445, 37.114806712831, 37.1151547764083, 37.1152204736345, 37.1154617878043, 37.11559977895, 37.1156398640826, 37.115067000519, 
37.0984096354673, 37.0990774175656, 37.1142683574193))
"2";"108";228;list(c(-6.77136206973684, -6.77326870672982, -6.77353747661174, -6.77370686751263, -6.77459949802822, -6.77485618593175, -6.77541545768607, -6.77566154792407, -6.7763909872946, -6.77647660213035, -6.77717719723794, -6.77751218352656, -6.77777517111685, -6.77826593735627, -6.77851792706655, -6.77914487037331, -6.77976547250701, -6.78014766824376, -6.78037527395568, -6.78046868886644, -6.78060497929233, -6.78098206180256, -6.78160514438544, -6.78165640947443, -6.78167509697073, -6.78241365815404, -6.78254885205556, 
-6.7831934032314, -6.7834199952799, -6.78362829728598, -6.78388948243422, -6.7840086960121, -6.78454731737899, -6.7848019433004, -6.78503433524808, -6.78527462991158, -6.78549902327352, -6.78571613504875, -6.78647489564495, -6.78670446307882, -6.78683565676503, -6.7871974903749, -6.78776136559311, -6.78866248389126, -6.78944662510105, -6.79014842363495, -6.79057203641185, -6.79062932176478, -6.7911202434781, -6.79127183854101, -6.79180905609626, -6.79194735345946, -6.79210975753136, -6.79214396972481, 
-6.79244587721411, -6.79266703898162, -6.7919085635089, -6.77111231380018, -6.77136206973684, 37.1047725503292, 37.1058033234438, 37.1058194306737, 37.1058436298717, 37.1060380404536, 37.1061141372072, 37.1063105359764, 37.1064111315983, 37.1067729039269, 37.1068236356309, 37.106988383724, 37.1070771407742, 37.1071548374613, 37.1073232074667, 37.1074222031577, 37.1077135295436, 37.1080502424686, 37.1082369130428, 37.1083390910154, 37.1083655996614, 37.1084059992951, 37.1085225942948, 37.1087541711165, 
37.1087766293591, 37.1087803120482, 37.1089737040448, 37.1090183021195, 37.1092739823634, 37.1093800777751, 37.1094829469131, 37.1096188216474, 37.1096765713312, 37.1099001764612, 37.1100132278891, 37.1101233231324, 37.110244366013, 37.1103643609007, 37.1104869919383, 37.1109392160083, 37.1109936535859, 37.1110302520394, 37.1111434870352, 37.1113396785323, 37.111742555151, 37.112279918074, 37.1128668958501, 37.1132692396746, 37.1133311994183, 37.1135430826985, 37.1136187794448, 37.113926592388, 37.1140169886871, 
37.1141276576301, 37.1141519563105, 37.1142143529035, 37.1142683574193, 37.0990774175656, 37.0997415627791, 37.1047725503292))
"3";"109";228;list(c(-6.77111231380018, -6.7919085635089, -6.79107750359125, -6.77028578530588, -6.77111231380018, 37.0997415627791, 37.0990774175656, 37.082419588511, 37.0830833349549, 37.0997415627791))
"4";"180";225;list(c(-6.51506097511767, -6.51576425721107, -6.51640344643637, -6.51791093196144, -6.51804705517016, -6.51918472313233, -6.51928360014239, -6.5204032712988, -6.52051914205937, -6.52166941590986, -6.52177942009493, -6.52290609798527, -6.52301628693835, -6.52363187693363, -6.52372277211818, -6.52432576412478, -6.52450939884111, -6.52487812805517, -6.53611419540483, -6.53534264339047, -6.51457918982299, -6.51506097511767, 36.9679276819287, 36.9683440313269, 36.9686967440838, 36.9694675080337, 36.9695395394791, 
36.9701623130863, 36.9702177995086, 36.97086177246, 36.9709303839386, 36.9716314548454, 36.9717003882229, 36.9724261584985, 36.9724991593574, 36.9729185424364, 36.972981935138, 36.9734124180067, 36.9735500414177, 36.9738400896625, 36.9735055533471, 36.9568425965173, 36.9574597227639, 36.9679276819287))
"5";"93";217;list(c(-6.8559845821013, -6.87678714415254, -6.87593656685118, -6.85513854127503, -6.8559845821013, 37.1303762112529, 37.1296967052817, 37.1130406202535, 37.1137197183995, 37.1303762112529))
"6";"97";215;list(c(-6.83433982031479, -6.85513854127503, -6.85429319583309, -6.83349900823453, -6.83433982031479, 37.1143951786144, 37.1137197183995, 37.0970631621171, 37.0977382168589, 37.1143951786144))
"7";"106";213;list(c(-6.7919085635089, -6.81270412955687, -6.81186853880263, -6.79107750359125, -6.7919085635089, 37.0990774175656, 37.0984096354673, 37.0817522073591, 37.082419588511, 37.0990774175656))
"8";"96";211;list(c(-6.83489476173433, -6.83578823317999, -6.83620667370418, -6.83665097602355, -6.8368510705741, -6.83711137009733, -6.8376971601893, -6.83803783205543, -6.83864635201898, -6.83877075135391, -6.83909308549876, -6.83927238728315, -6.83942318544657, -6.83981047678597, -6.84049226658361, -6.84101286590655, -6.84102506683708, -6.84134648701096, -6.84138943038402, -6.8559845821013, -6.85513854127503, -6.83433982031479, -6.83489476173433, 37.1253813482443, 37.1259557652637, 37.1261439084719, 37.1263680014559, 
37.1264805966977, 37.1266370271245, 37.1270125485829, 37.1272123309325, 37.127630491117, 37.1277302872774, 37.1280138363979, 37.1281869302197, 37.1283656171735, 37.1285977988043, 37.129205636776, 37.1299082929608, 37.1299291924214, 37.1306428003872, 37.1308507687244, 37.1303762112529, 37.1137197183995, 37.1143951786144, 37.1253813482443))
"9";"13";209;list(c(-7.3172641859213, -7.32208401522816, -7.32209418173172, -7.32216718667231, -7.3227390486928, -7.3234598562497, -7.32430263209016, -7.32523583652454, -7.32622454753195, -7.3272317671496, -7.32821980534209, -7.32915168967874, -7.32977296971465, -7.33006427609846, -7.33040447314282, -7.33051256878522, -7.33074322610324, -7.33098273577845, -7.33117762932036, -7.33122558310534, -7.33142147643957, -7.33147758681039, -7.3316742799183, -7.33171448466261, -7.33180129621397, -7.33190517037224, -7.33261509145193, 
-7.33287578738587, -7.33324152898688, -7.33328242812252, -7.33402393389483, -7.33482156403475, -7.33485186260038, -7.33502275534737, -7.33504046773267, -7.3351007378681, -7.33540957217621, -7.33542527341422, -7.33585662597599, -7.33591682811819, -7.33611263670508, -7.33613095139235, -7.33619155555295, -7.33631236660965, -7.33650617264528, -7.33655911467025, -7.3367570201482, -7.33687975163819, -7.33692196989736, -7.33695129069189, -7.33704098680586, -7.33717295306207, -7.33758060173394, -7.33770731332342, 
-7.33711527444803, -7.31631537232469, -7.3172641859213, 37.1811743059292, 37.1809982567044, 37.1809793752112, 37.1808741777223, 37.1802107221813, 37.1796477843497, 37.1792064302801, 37.1789031756921, 37.1787493682084, 37.1787507629517, 37.1789073073417, 37.1792131431197, 37.1795409651685, 37.1795072459799, 37.1793887797664, 37.1793549817846, 37.1792890879944, 37.1791855883983, 37.1791077926594, 37.1790888962228, 37.1790127004371, 37.1789912060013, 37.1789170101517, 37.1789020113828, 37.1788699849642, 
37.1788065920859, 37.1784420949697, 37.1783518511153, 37.17812278126, 37.1781011823121, 37.1777754680861, 37.1775501297982, 37.1775437302317, 37.1775259875486, 37.1775187111349, 37.1774962021792, 37.1768474289589, 37.1768228294988, 37.1762615730412, 37.1761955750568, 37.1759941699878, 37.1759764776531, 37.1759073346033, 37.1757751090505, 37.1755715154893, 37.1755168470108, 37.1753159535403, 37.1751960266579, 37.1751563042395, 37.1751201480793, 37.1750142932904, 37.174769698028, 37.1742447903242, 
37.1741058053182, 37.1637667015446, 37.1645275579149, 37.1811743059292))
"10";"101";207;list(c(-6.81354040768162, -6.83433982031479, -6.83349900823453, -6.81270412955687, -6.81354040768162, 37.115067000519, 37.1143951786144, 37.0977382168589, 37.0984096354673, 37.115067000519))
"11";"89";206;list(c(-6.87678714415254, -6.89758900650839, -6.89673389333286, -6.87593656685118, -6.87678714415254, 37.1296967052817, 37.1290135595833, 37.1123578845575, 37.1130406202535, 37.1296967052817))
"12";"113";202;list(c(-6.74996029396109, -6.7510273073746, -6.75138778260036, -6.75181846818768, -6.75240582048328, -6.75279391314797, -6.75318016547904, -6.75384120340389, -6.75498522112805, -6.75546593230618, -6.7559735131424, -6.75681854729215, -6.75769591193106, -6.75824812749781, -6.75874978903072, -6.75931271331336, -6.76168409134369, -6.76184991606256, -6.76292728103299, -6.76308856333109, -6.76317213164212, -6.77111231380018, -6.77028578530588, -6.74949338765371, -6.74996029396109, 37.0932074825879, 37.0936391928543, 
37.0937997060364, 37.094009796984, 37.0943429933971, 37.0945971830005, 37.0948771445813, 37.0954068276371, 37.0957877465514, 37.0959714505645, 37.0961916409966, 37.0966492970175, 37.0972325116972, 37.0975772645606, 37.0978702314344, 37.0981585260258, 37.0992473652549, 37.0993268145365, 37.0998649914057, 37.0999489105549, 37.0999941738094, 37.0997415627791, 37.0830833349549, 37.0837434463182, 37.0932074825879))
"13";"172";200;list(c(-6.53643653753724, -6.53645808314834, -6.5371634729689, -6.53727994296825, -6.53845778948486, -6.53882505659216, -6.53939328418417, -6.54075747483596, -6.54095262256831, -6.54226393470007, -6.54298846153859, -6.5438797760744, -6.54407733852543, -6.54469731661841, -6.54492221600597, -6.54590268582091, -6.54605880428291, -6.54701597824276, -6.54711666392334, -6.54837853276942, -6.5484243112156, -6.55148433933386, -6.55156169229118, -6.5528841023054, -6.55765822129243, -6.55688152283345, -6.53611419540483, 
-6.53643653753724, 36.9804629971148, 36.9804775973918, 36.980972277595, 36.9810564756676, 36.9819341322797, 36.982150187628, 36.9824367541884, 36.9830754002168, 36.9831714411319, 36.9838491226813, 36.9841704883714, 36.9845412671045, 36.9846278567923, 36.984913744413, 36.9850236236212, 36.9855304019504, 36.9856143372523, 36.9861493146563, 36.9862070289732, 36.9869486979462, 36.9869759145614, 36.9888160379479, 36.9888634656409, 36.9896901190019, 36.9895469543904, 36.9728844319498, 36.9735055533471, 
36.9804629971148))
"14";"77";199;list(c(-6.94066717284943, -6.94128816024753, -6.94134075934668, -6.94196108973876, -6.94246816028047, -6.94249106133488, -6.94284938282048, -6.942915889688, -6.94324703220425, -6.94326133953576, -6.94324010707769, -6.94389855573588, -6.94467047455089, -6.94473177140463, -6.94533989675774, -6.94540951173943, -6.94566987141236, -6.94614234811714, -6.94643972875238, -6.94665371885997, -6.94688845885992, -6.96172993684229, -6.96085978998305, -6.94005551122383, -6.94066717284943, 37.1560612644386, 37.1564021729062, 
37.1564377714608, 37.1569352161072, 37.1575090240909, 37.1575402231591, 37.158130340268, 37.1582661371396, 37.1593555215666, 37.1594655205144, 37.1599637258306, 37.1599838145552, 37.1601021101025, 37.1601154095777, 37.1603126824348, 37.1603276277763, 37.1603893908877, 37.1605122857981, 37.1605977029609, 37.1606651000787, 37.1607469547073, 37.1602509588391, 37.143596655588, 37.14429113487, 37.1560612644386))
"15";"187";195;list(c(-6.493233242102, -6.49337603711497, -6.49481868610281, -6.49554194831861, -6.49571895454322, -6.4960683693721, -6.49678060324558, -6.49685936970814, -6.49696143335886, -6.49706684942778, -6.49876290417974, -6.49956452995141, -6.50062912731134, -6.50103170053133, -6.50119076215956, -6.5019168616646, -6.50279505324849, -6.50288153101971, -6.50422472801136, -6.50425203170414, -6.50558553030018, -6.50574471167281, -6.50644813545679, -6.51457918982299, -6.51381277686902, -6.49305319824507, -6.493233242102, 
36.9453484690442, 36.9454645724622, 36.9466000045077, 36.947310670574, 36.9475300637496, 36.9480372683622, 36.9492657605258, 36.949373264977, 36.9494888344838, 36.9495731698603, 36.9507701705368, 36.9514832145555, 36.9526834738505, 36.953117074419, 36.953270152644, 36.953872655741, 36.9545698345138, 36.9546401327445, 36.9557581905862, 36.9557810908585, 36.9569080486145, 36.9570488680452, 36.9577003999777, 36.9574597227639, 36.9407963340591, 36.9414094693142, 36.9453484690442))
"16";"164";189;list(c(-6.55781967420671, -6.55804789168579, -6.55838829887702, -6.55996942944406, -6.56022269403798, -6.56087007832541, -6.56115152833263, -6.56176261848344, -6.56200554420754, -6.56316480403946, -6.56419796968155, -6.56449305178949, -6.56529474687654, -6.56565806888704, -6.56600334501485, -6.56613026240037, -6.56749679027228, -6.56763914672031, -6.57075536093148, -6.57085161243815, -6.57318875365494, -6.57343721122142, -6.5739375021113, -6.57425031563517, -6.57551896836789, -6.57585729464719, -6.57636290789545, 
-6.57701215199974, -6.57813564769653, -6.57921127378472, -6.57842942149208, -6.55765822129243, -6.55781967420671, 36.9930088788201, 36.9931543879169, 36.9933482557258, 36.9941738122578, 36.9943147969174, 36.9946984808913, 36.9948776746237, 36.9952951577824, 36.9954720279164, 36.9963711860604, 36.9971394197785, 36.9973772432675, 36.9980776081777, 36.9983617087399, 36.9986027413379, 36.9986788784513, 36.9993857613704, 36.9994620906802, 37.0011931174691, 37.0012478888337, 37.0026100317357, 37.0027642470917, 
37.0030946336369, 37.0033187970693, 37.0043045623409, 37.0045325751589, 37.0048139229559, 37.0051243133264, 37.005616392729, 37.0055839192174, 36.9889218336832, 36.9895469543904, 36.9930088788201))
"17";"100";188;list(c(-6.81386899648765, -6.8139268482817, -6.8141450498251, -6.81477791667488, -6.81492876985758, -6.81555703757133, -6.81591343185004, -6.81609672298247, -6.81642311555952, -6.81644879119968, -6.81671328969131, -6.81722728990022, -6.81747945880401, -6.81805971681866, -6.81824510812894, -6.81857459023049, -6.81889711716354, -6.81922269992974, -6.81968159277227, -6.81972494254364, -6.82070409045504, -6.82090417952066, -6.82130019961697, -6.82140309394075, -6.82255950183654, -6.82260659943302, -6.82296762801363, 
-6.82322487813154, -6.82413833150188, -6.82420502789296, -6.82538463429201, -6.82586771133283, -6.8263664420671, -6.82642233941789, -6.82751575002101, -6.82762224422323, -6.82834818582894, -6.82853747541914, -6.82938189109375, -6.8294633869006, -6.83020502120605, -6.83037257516195, -6.83080483312524, -6.83120863403725, -6.83171821338161, -6.83195966547967, -6.83238344670471, -6.83316788816099, -6.83397296330265, -6.83411617586442, -6.83433556981527, -6.83461562555934, -6.83489476173433, -6.83433982031479, 
-6.81354040768162, -6.81386899648765, 37.1216082169074, 37.1216169570765, 37.1216538156212, 37.1217721111516, 37.1218022174537, 37.1219356121803, 37.1220223226828, 37.1220727205608, 37.122172389944, 37.1221810313857, 37.1222290379264, 37.1223057666049, 37.1223349718951, 37.1223870322171, 37.1224063704709, 37.1224455693464, 37.1224922947807, 37.122547992756, 37.1226441951689, 37.1226549954391, 37.1225323196509, 37.1225271205524, 37.1225289008958, 37.1225325010178, 37.1226784872205, 37.1226888868047, 
37.1227890337774, 37.1227674040648, 37.1228198382707, 37.1228284380073, 37.1230977631311, 37.1233161609215, 37.1231527531561, 37.1231408539379, 37.1230055250718, 37.1230015256186, 37.1230148659026, 37.123028965718, 37.1231486763385, 37.1231658756607, 37.1234147205001, 37.1234551580726, 37.1235763300082, 37.1237057583235, 37.1238570652541, 37.1239343038992, 37.1240797976061, 37.1244153049823, 37.1248340870748, 37.1249113166035, 37.1250339114167, 37.1252018869694, 37.1253813482443, 37.1143951786144, 
37.115067000519, 37.1216082169074))
"18";"192";185;list(c(-6.47156921203884, -6.47239898137103, -6.47254423741696, -6.47482412009137, -6.47535144132781, -6.47648629015418, -6.47685665991491, -6.47697066410196, -6.47714893475528, -6.47768782435238, -6.47853812861201, -6.47884348048017, -6.47918916823564, -6.47972260885482, -6.4803991929572, -6.48080932317491, -6.48143091646069, -6.48160973916827, -6.48218173694591, -6.48235419849089, -6.48289590058749, -6.48305975946955, -6.4843383754734, -6.48438715733709, -6.48625462271465, -6.48674748742629, -6.48738914816588, 
-6.4875561748612, -6.48801047662662, -6.48821598100909, -6.48882709016502, -6.48890295934676, -6.48966222326092, -6.49305319824507, -6.49229191697211, -6.4715362143664, -6.47156921203884, 36.9260816915855, 36.9268848045014, 36.9270320178248, 36.9294526004339, 36.929958442605, 36.9309252067733, 36.9311952168706, 36.9312660906041, 36.9313635649101, 36.931627499642, 36.9319595013664, 36.9320889740135, 36.932247567148, 36.9325285321477, 36.9329347152526, 36.9332083817458, 36.9336684636673, 36.9338073281267, 
36.9342733104237, 36.9344207981588, 36.9349071803884, 36.9350617147041, 36.9363287704201, 36.9363778614503, 36.9382864074921, 36.9387245316486, 36.9392489231919, 36.9393920032043, 36.9397999882968, 36.9399963779525, 36.9406182564889, 36.940697392795, 36.9415092762334, 36.9414094693142, 36.9247456512457, 36.9253547996684, 36.9260816915855))
"19";"188";181;list(c(-6.49305319824507, -6.51381277686902, -6.5130469938585, -6.49229191697211, -6.49305319824507, 36.9414094693142, 36.9407963340591, 36.9241328848467, 36.9247456512457, 36.9414094693142))
"20";"88";179;list(c(-6.87704278738961, -6.87739996281073, -6.87754531555917, -6.87892635570643, -6.87901914489932, -6.87990380771404, -6.88013924411501, -6.88071362210643, -6.88087719064723, -6.88331303467487, -6.88343143497028, -6.88410135272451, -6.88422674674424, -6.88498494497157, -6.88539095025602, -6.88596566176956, -6.88657923014929, -6.88764009837019, -6.88817277731249, -6.88903680337943, -6.88945131902662, -6.88963569554651, -6.88982208781575, -6.89026717581234, -6.8903846718507, -6.89050826525026, -6.89052993254286, 
-6.89113376589348, -6.89129705901549, -6.89217237595132, -6.8923187723161, -6.89273542293756, -6.89285244802623, -6.89370532188775, -6.89437203621078, -6.89448233239425, -6.89470952363078, -6.89506036393975, -6.89568432583666, -6.89613499781135, -6.8963654877522, -6.89702131939044, -6.89710996706346, -6.8972155531407, -6.89753353702629, -6.89795964860069, -6.8982702341216, -6.89829280482087, -6.89758900650839, -6.87678714415254, -6.87704278738961, 37.1347000473068, 37.1348178453683, 37.1348678648604, 
37.1353631434045, 37.1353972981849, 37.1357313836808, 37.1358261983587, 37.1360722876756, 37.1361454285164, 37.1372811055166, 37.1373015175642, 37.1374552105268, 37.1374914089946, 37.1377669572849, 37.1379471508096, 37.1380183106652, 37.1381474056024, 37.1384732600846, 37.1386929505404, 37.1391612632842, 37.1393055115115, 37.1393731208188, 37.1394450176963, 37.139638599367, 37.1396957969039, 37.139759880136, 37.1397655297116, 37.1399570898962, 37.140018587227, 37.1404364977593, 37.1405229941367, 
37.1408046623551, 37.1408506336097, 37.1411337081067, 37.1414012893365, 37.1414537870713, 37.1415798829011, 37.1416868866404, 37.1418545950512, 37.1419946816576, 37.142076378122, 37.1423552018299, 37.1423996520056, 37.1424208854717, 37.1424941825184, 37.1426085639297, 37.1427040598526, 37.1427116476974, 37.1290135595833, 37.1296967052817, 37.1347000473068))
"21";"156";178;list(c(-6.57921127378472, -6.59998634565765, -6.5991999790392, -6.57842942149208, -6.57921127378472, 37.0055839192174, 37.0049547950412, 36.9882930876953, 36.9889218336832, 37.0055839192174))
"22";"198";177;list(c(-6.44927719184999, -6.47002452193543, -6.46926960744183, -6.4485267691109, -6.44927719184999, 36.8926310512205, 36.8920262496709, 36.8753618844688, 36.8759663219739, 36.8926310512205))
"23";"80";176;list(c(-6.91953171027386, -6.91971592430357, -6.91984305967454, -6.92052032442529, -6.92075450571321, -6.92113698646468, -6.92138434469943, -6.92191481920615, -6.92216243837216, -6.92268141487015, -6.92287071242113, -6.9232108978626, -6.9233589666335, -6.92380694844333, -6.92398525723746, -6.92457363508154, -6.92470803079912, -6.92539860649805, -6.92554098454077, -6.92621406278356, -6.92638289482195, -6.92681898236927, -6.92701832562869, -6.92758021241762, -6.92778172311428, -6.92809141764969, -6.92823061914546, 
-6.92909500785987, -6.92915158105336, -6.92958817947643, -6.93049719306972, -6.9309190847653, -6.93127746500239, -6.93171652632155, -6.93192041509929, -6.93211249596716, -6.93403319105863, -6.93432314505967, -6.93494051200783, -6.93545666375199, -6.93591724063465, -6.93610943710932, -6.93683491514114, -6.9376280301028, -6.93775492312882, -6.93910890775793, -6.93917250446535, -6.94037321693, -6.94042461499339, -6.94066717284943, -6.94005551122383, -6.91925052102213, -6.91953171027386, 37.1504223954999, 
37.150455075527, 37.1504789723888, 37.1506134672317, 37.1506646386278, 37.1507559349192, 37.1508204061574, 37.1509704998336, 37.1510462911736, 37.151217383816, 37.1512833329153, 37.1514083274983, 37.1514650107506, 37.151643502999, 37.1517180214004, 37.1519756102312, 37.1520365375809, 37.1523605235877, 37.1524297934419, 37.1527691788805, 37.1528580165505, 37.1530973063979, 37.1532123165776, 37.1535529023843, 37.1536814483191, 37.1538892398628, 37.1539860481792, 37.1546090233288, 37.1546504031952, 
37.1549744977633, 37.1549250734938, 37.1549158560348, 37.154919656968, 37.1549391774027, 37.1549551771743, 37.154973138561, 37.1551817332412, 37.155219918788, 37.1553156155243, 37.1554177542944, 37.1555291497574, 37.1555807071875, 37.15543835147, 37.1553827563017, 37.1553816567662, 37.1555129107385, 37.1555260102302, 37.1559056046795, 37.1559281037042, 37.1560612644386, 37.14429113487, 37.1449819734044, 37.1504223954999))
"24";"155";175;list(c(-6.57923540961686, -6.58084135433552, -6.58101130141663, -6.58143598696132, -6.58170716676004, -6.58211595523366, -6.58236301544914, -6.58314759829695, -6.58345026822282, -6.58474078677839, -6.58507073944646, -6.58532446795993, -6.58619416639165, -6.58660668989645, -6.58695968020624, -6.58749355762488, -6.58803745116587, -6.588248767969, -6.58876356603715, -6.5888661997175, -6.58971755525974, -6.58985248850254, -6.59000558136957, -6.59119782050291, -6.59142342476887, -6.59293007953071, -6.59312448453378, 
-6.59464284598119, -6.5949606313455, -6.59525302657087, -6.59561711206333, -6.59624305675191, -6.59706017394617, -6.59801627735293, -6.59885560037601, -6.60027067303928, -6.60045967212762, -6.60064361953123, -6.59998634565765, -6.57921127378472, -6.57923540961686, 37.006098059983, 37.0068013919854, 37.0068791850219, 37.0070821762594, 37.0072210927132, 37.0074450832169, 37.0075891747579, 37.0080756546327, 37.0082784930458, 37.0092122551433, 37.0094182919112, 37.0095653431628, 37.0099582952578, 37.0101656689246, 
37.010362160616, 37.010703073908, 37.0110998582061, 37.011262989385, 37.0116834733827, 37.0117697369867, 37.0125060931558, 37.0126026217603, 37.0126905831911, 37.013250792546, 37.0133631010529, 37.0141565672008, 37.0142640929389, 37.0151453559594, 37.0153453316762, 37.0155445236299, 37.0158177139675, 37.0163347112857, 37.0168873801896, 37.0174852938543, 37.0179634447737, 37.0187257637272, 37.0188174344887, 37.0188707060886, 37.0049547950412, 37.0055839192174, 37.006098059983))
"25";"104";173;list(c(-6.79578833376452, -6.79583507271117, -6.79662166667264, -6.79733633391138, -6.79788614033236, -6.79808023189021, -6.79834983686663, -6.79901657179549, -6.79902545337555, -6.79965204235003, -6.79979849491028, -6.80014507877426, -6.80063179556908, -6.80162781981767, -6.80203323414146, -6.80215987953371, -6.8027103552812, -6.80280723848691, -6.80335291516169, -6.80351509685278, -6.80399767738509, -6.80410528876295, -6.80487904528774, -6.80560186569076, -6.80580297646447, -6.80601156843845, -6.80645356924194, 
-6.80721364044347, -6.80740787439577, -6.80741539068118, -6.80745533897557, -6.8074570577373, -6.80752690002713, -6.80779248934773, -6.80808847317722, -6.80869238082144, -6.80884007315735, -6.80932123553746, -6.80953622524671, -6.80998460014752, -6.81019389127303, -6.81063827986307, -6.81090927037689, -6.81107505426284, -6.81126067447768, -6.8125032402392, -6.81275511534907, -6.81305020046003, -6.81329804604282, -6.81364273463251, -6.81371697002145, -6.81386899648765, -6.81354040768162, -6.79571452738017, 
-6.79578833376452, 37.1156846577582, 37.1157059063768, 37.1159510696758, 37.116130792141, 37.1162968992761, 37.1163657962871, 37.1164690129287, 37.1167433670251, 37.116746096862, 37.11692122122, 37.1169641342035, 37.1170704296517, 37.1172430455266, 37.1176462694834, 37.11777673459, 37.1178190509754, 37.1180098427107, 37.1180443641694, 37.1182441554898, 37.1183062692134, 37.1184993608106, 37.1185436775224, 37.1188714865895, 37.1191474411876, 37.1192285403029, 37.1193172364471, 37.1195282446009, 37.1199331654299, 
37.1200064083781, 37.1200084452747, 37.1200170291252, 37.1200173034304, 37.1200215072678, 37.1200429902784, 37.1200730895446, 37.1201637772799, 37.1201932761367, 37.1203094021873, 37.1203704995999, 37.1205170666015, 37.1205947632247, 37.1207810704192, 37.120908364916, 37.1209929918337, 37.1210490309885, 37.1212858430457, 37.1213392124717, 37.1214081096721, 37.1214713995191, 37.1215670812018, 37.1215852488126, 37.1216082169074, 37.115067000519, 37.1156398640826, 37.1156846577582))
"26";"81";171;list(c(-6.91925052102213, -6.94005551122383, -6.93919061728373, -6.91839016545612, -6.91925052102213, 37.1449819734044, 37.14429113487, 37.127636350541, 37.1283267745412, 37.1449819734044))
"27";"199";169;list(c(-6.43593333948786, -6.43649128426852, -6.43660472552159, -6.43692985955475, -6.4370029457515, -6.43750340920383, -6.43753058210934, -6.43844597343085, -6.43944403180412, -6.43971952968726, -6.44160482954133, -6.44167150872258, -6.44226573909831, -6.4424106043872, -6.44276372914376, -6.44287739014096, -6.4451048325989, -6.44927719184999, -6.4485267691109, -6.43591689741113, -6.43593333948786, 36.8763599376309, 36.8773463131497, 36.8775628607712, 36.8782359457863, 36.8783969853746, 36.8795743614316, 
36.8796400654474, 36.8819164018061, 36.8836429424661, 36.8840706240738, 36.886598566471, 36.8866906177063, 36.887535593546, 36.8877568194301, 36.8883377042968, 36.888537906298, 36.8927522402186, 36.8926310512205, 36.8759663219739, 36.8763319941835, 36.8763599376309))
"28";"20";165;list(c(-7.27639887349976, -7.27750237979707, -7.27806239576565, -7.27886235327278, -7.27956387108779, -7.28027908700259, -7.2807026293971, -7.28094471725296, -7.28228455003201, -7.28239294403008, -7.28313935658099, -7.28355904268501, -7.28485633581614, -7.28499667073724, -7.28543717824807, -7.28546220435022, -7.28576536069186, -7.28638488259175, -7.28660717157279, -7.28707211346051, -7.28728404544587, -7.28773954191984, -7.28811440078863, -7.28839259547805, -7.28865148580225, -7.2891659726545, -7.28930661665569, 
-7.28998189728671, -7.29032541943818, -7.29055771122528, -7.29119301715823, -7.29192008465902, -7.29209407871326, -7.29259335540722, -7.29306134486893, -7.29325583496346, -7.29406219749973, -7.29416432350545, -7.29445118104075, -7.29463398037286, -7.29563895178414, -7.29566918319194, -7.29636623343187, -7.29647273150487, -7.29672970575917, -7.29676164313863, -7.2969303915631, -7.2964589663018, -7.27565297022302, -7.27639887349976, 37.1958900760694, 37.1956907657309, 37.1956150141165, 37.1955424207724, 
37.1955168758853, 37.195529453829, 37.1954345570873, 37.1953955599645, 37.1953210493764, 37.195326249466, 37.1954326904755, 37.195392511611, 37.1952345386816, 37.1952190083947, 37.1951751345004, 37.1951711394166, 37.195100357428, 37.1949879945056, 37.1949589455891, 37.1946150178834, 37.1944665475417, 37.1941644606292, 37.193937873754, 37.1937849810597, 37.1936515356871, 37.1934032482756, 37.1933377496557, 37.1930344655046, 37.1928933167829, 37.1928064216543, 37.1926081955226, 37.1924242072727, 37.1923828309125, 
37.1922716383057, 37.1921857926684, 37.192157594827, 37.1920965715151, 37.1920620288032, 37.1917981625277, 37.191669567912, 37.1911150385824, 37.1911022527116, 37.190622126883, 37.190562529706, 37.1904437597021, 37.1904028477375, 37.1902378749576, 37.1819319787878, 37.1826860112835, 37.1958900760694))
"29";"197";163;list(c(-6.44957497107256, -6.44998382569982, -6.45003533718865, -6.4506192634627, -6.45069022456708, -6.45266063064278, -6.45435976726667, -6.45445459309195, -6.45500232176149, -6.45509308815009, -6.45652527034676, -6.47078005739997, -6.47002452193543, -6.44927719184999, -6.44957497107256, 36.8992400584745, 36.899769265569, 36.8998373844497, 36.9006264611642, 36.9007254125802, 36.9035620391791, 36.9058063471161, 36.9059368644697, 36.9067231421023, 36.9068592967434, 36.9091066443495, 36.9086905547446, 
36.8920262496709, 36.8926310512205, 36.8992400584745))
"30";"85";162;list(c(-6.89829280482087, -6.89856656640392, -6.89887915299761, -6.89924258344021, -6.89954237231158, -6.89991247954848, -6.90007217481916, -6.90010855747522, -6.90029567546877, -6.90048676590827, -6.90127004599389, -6.90147893746454, -6.9017825306514, -6.90196728511213, -6.90211755274286, -6.90233464198662, -6.90294912928717, -6.90306682428445, -6.90349216079147, -6.90388042263862, -6.90538511747689, -6.91925052102213, -6.91839016545612, -6.89758900650839, -6.89829280482087, 37.1427116476974, 37.1428036807183, 
37.1429179757639, 37.1430648711692, 37.1431980653962, 37.1433790396083, 37.143464635964, 37.1434851438473, 37.1435198715824, 37.1435665696722, 37.1438150491641, 37.1438975455805, 37.1440276062792, 37.144113164472, 37.1441464304403, 37.1442016281614, 37.1443929357407, 37.1444366338454, 37.1446140483568, 37.1447946689914, 37.1454403451483, 37.1449819734044, 37.1283267745412, 37.1290135595833, 37.1427116476974))
"31";"6";154;list(c(-7.35724941236683, -7.35768470199485, -7.35865359780912, -7.35959824237611, -7.36048584445876, -7.3610778222577, -7.3618561751662, -7.36252611591874, -7.36306569426439, -7.36341425199445, -7.36393645385942, -7.36476555030625, -7.36586485830833, -7.36688273662246, -7.3678875577306, -7.36858024216802, -7.36879027336066, -7.36971610769066, -7.36989909759286, -7.37130474363271, -7.3714017390967, -7.37245263798246, -7.37294527493831, -7.37372349164426, -7.37393998144812, -7.37471231099986, -7.37549772293969, 
-7.37567281325762, -7.37682675537432, -7.37791198585519, -7.37813927701034, -7.37834109926901, -7.377751092436, -7.35695729269607, -7.35724941236683, 37.1514383118493, 37.1513873427701, 37.1514194220486, 37.1515948162693, 37.151907436704, 37.152171125391, 37.1525959275599, 37.153126078067, 37.1537442084381, 37.1543547838327, 37.1545637778057, 37.1547744236725, 37.1546590273592, 37.1546326063087, 37.1547653410828, 37.1549737431421, 37.1549440907331, 37.1549467068455, 37.1549603067454, 37.1552258509489, 
37.1552560496842, 37.1557207378547, 37.1555054016228, 37.1552843409637, 37.1552379440971, 37.1551215847923, 37.1550996263666, 37.1551053266742, 37.155247803898, 37.1555925845026, 37.1556896803356, 37.1558030234665, 37.1455886367927, 37.1463563068359, 37.1514383118493))
"32";"16";153;list(c(-7.2969303915631, -7.29760073255494, -7.29770833274107, -7.29854365879411, -7.29932583978534, -7.30041774008806, -7.30062343110013, -7.30133388855323, -7.3021241396888, -7.30234683656099, -7.30297738493552, -7.30309508142742, -7.30438893418751, -7.30456128481339, -7.30488204810352, -7.30501035020845, -7.30560759470536, -7.30628827325996, -7.30646476846395, -7.30722888547979, -7.30804198634833, -7.30814868100984, -7.3091886179378, -7.30941430549565, -7.30963075499465, -7.30970411464694, -7.30984651110436, 
-7.31045228656268, -7.3107807744285, -7.31117929743228, -7.31135938971114, -7.3118111135527, -7.31239478551302, -7.31255206490927, -7.31303235193536, -7.31303603463296, -7.31366635206299, -7.3139962373205, -7.31435575930968, -7.31476157233328, -7.31525966075998, -7.31548295730238, -7.31660104120083, -7.31685053137383, -7.31730303241099, -7.3172641859213, -7.2964589663018, -7.2969303915631, 37.1902378749576, 37.189582523485, 37.1895011267449, 37.1889866980404, 37.1885990174697, 37.1881892615245, 37.1881342649769, 
37.1880192181014, 37.1874154758652, 37.1872817819779, 37.1869572274091, 37.1869058301261, 37.1865088700657, 37.1864761865077, 37.1861001327844, 37.1859844368987, 37.1855252844413, 37.1851477080351, 37.185065612264, 37.1847738865952, 37.1845850921834, 37.1845676934639, 37.1844837668636, 37.1844837676501, 37.1844920305303, 37.1844481319375, 37.1843784354502, 37.1841240868609, 37.1840074935236, 37.1838814748032, 37.1838312779137, 37.1837234479738, 37.183606856005, 37.1835775034854, 37.1834941298128, 
37.1834927569734, 37.1832965578808, 37.1832131632126, 37.183133489382, 37.1830559647535, 37.1826657199475, 37.182534926004, 37.1820360648958, 37.1819550696697, 37.1818555670441, 37.1811743059292, 37.1819319787878, 37.1902378749576))
"33";"17";153;list(c(-7.2964589663018, -7.3172641859213, -7.31631537232469, -7.29551469070375, -7.2964589663018, 37.1819319787878, 37.1811743059292, 37.1645275579149, 37.1652847765209, 37.1819319787878))
"34";"92";153;list(c(-6.85636426260847, -6.85674689158543, -6.85707425743371, -6.85719248471309, -6.85765683444714, -6.85781405335916, -6.85954865784408, -6.85980148560408, -6.86069954321894, -6.86075047455428, -6.86080223960912, -6.86277453054007, -6.86276855508816, -6.86270859038856, -6.86271129495151, -6.8627673137437, -6.86281783184439, -6.86306893267888, -6.86350816174357, -6.86411863535896, -6.8648768911266, -6.86575378991656, -6.86671563563512, -6.86772546974553, -6.86874449085539, -6.86918733540601, -6.86926287962398, 
-6.87014811197532, -6.87111534318495, -6.87142972777483, -6.87192223331764, -6.87213062235644, -6.87301258094352, -6.87322226937058, -6.87380541872291, -6.87394601109184, -6.87435887666611, -6.87454596687957, -6.8749098313604, -6.87515861902371, -6.87536737158136, -6.87569595595041, -6.87576509079928, -6.87652545519509, -6.87666289614137, -6.87704278738961, -6.87678714415254, -6.8559845821013, -6.85636426260847, 37.1378467291796, 37.1380002951395, 37.1381245612823, 37.1381648706567, 37.1383089090641, 
37.1383536737395, 37.138789343777, 37.1388585970306, 37.139125385675, 37.1391452579713, 37.1391564954839, 37.1397561642738, 37.1397256330222, 37.1389442783355, 37.1388780781948, 37.1383896855048, 37.1381228866744, 37.1373310267932, 37.1365936006757, 37.135938945464, 37.1353922168777, 37.1349744228461, 37.1347016165725, 37.1345842799817, 37.1346269211896, 37.1347169103678, 37.1346641898808, 37.1342578343129, 37.133997549595, 37.1339396535783, 37.1338687150881, 37.1338469169026, 37.1338151106929, 37.1338218109847, 
37.1338668607594, 37.1338841602539, 37.1339487307237, 37.1339843293763, 37.1340648279014, 37.1341277253049, 37.1341844196681, 37.1342799156206, 37.1343004529113, 37.1345312430683, 37.1345747558341, 37.1347000473068, 37.1296967052817, 37.1303762112529, 37.1378467291796))
"35";"181";152;list(c(-6.51457918982299, -6.53534264339047, -6.53457172554973, -6.51381277686902, -6.51457918982299, 36.9574597227639, 36.9568425965173, 36.9401795789991, 36.9407963340591, 36.9574597227639))
"36";"112";146;list(c(-6.76655175377717, -6.76819200060511, -6.76867639005494, -6.77123906916663, -6.77136206973684, -6.77111231380018, -6.76317213164212, -6.76655175377717, 37.1018245862697, 37.102690838105, 37.102980318724, 37.1047060512134, 37.1047725503292, 37.0997415627791, 37.0999941738094, 37.1018245862697))
"37";"24";145;list(c(-7.25562452039238, -7.25576255562578, -7.25642412910285, -7.25896391447911, -7.25934327169156, -7.26057280755554, -7.26080182384906, -7.26167217733364, -7.26241636127892, -7.26292433315357, -7.26342463351989, -7.26382821142489, -7.26443262264115, -7.26539538438421, -7.26560989960644, -7.26623033887009, -7.26664701077902, -7.26707658959348, -7.26777730694226, -7.26807889069236, -7.26863852322, -7.26894040652077, -7.26922250117866, -7.27074282027893, -7.27285752268223, -7.27382295707406, -7.27394339454215, 
-7.27531080827327, -7.27622799330062, -7.27639887349976, -7.27565297022302, -7.25484620139453, -7.25562452039238, 37.1972813246806, 37.1972704414508, 37.1971949949021, 37.1967425365844, 37.1966866572728, 37.1965429691433, 37.1965203370985, 37.1964499438787, 37.196432538037, 37.1964497388439, 37.1964860775686, 37.1965311764789, 37.19662818545, 37.1968307758579, 37.196787509639, 37.1966332851817, 37.1965446599944, 37.19646836544, 37.196383428554, 37.1963635306677, 37.1963507607398, 37.1963568614475, 
37.1963686921917, 37.1964655754766, 37.1962887211452, 37.1961808840976, 37.1961685741515, 37.1960417431015, 37.1959209386819, 37.1958900760694, 37.1826860112835, 37.1834364029932, 37.1972813246806))
"38";"147";142;list(c(-6.60064361953123, -6.60130672891291, -6.60360758646106, -6.60400974016816, -6.60500319136157, -6.60604462823954, -6.60625052104644, -6.60677718471452, -6.6069640804368, -6.60743798101142, -6.60792429566257, -6.62155230161856, -6.62076077062907, -6.59998634565765, -6.60064361953123, 37.0188707060886, 37.0190627410628, 37.0194903413859, 37.0195788423861, 37.0198322317892, 37.0202029241658, 37.0202991200045, 37.0205809682002, 37.0206947634721, 37.0210210910697, 37.0213989647913, 37.0209833093445, 
37.0043220437624, 37.0049547950412, 37.0188707060886))
"39";"186";142;list(c(-6.50647981645921, -6.50675207903573, -6.50741529407569, -6.50767121487814, -6.50791462555446, -6.50810718421988, -6.50831829836887, -6.50843399127389, -6.50960758902217, -6.51024191533687, -6.51092546681085, -6.5110247335813, -6.51105281214789, -6.51157346506857, -6.51318130847669, -6.51401271985392, -6.51416359698227, -6.51432048805676, -6.51506097511767, -6.51457918982299, -6.50644813545679, -6.50647981645921, 36.9577297434813, 36.9580044864637, 36.9587348622206, 36.9590448545918, 36.9593703449, 
36.9596518727515, 36.9599908637478, 36.9601895353501, 36.96235129543, 36.9633934600203, 36.9644376009121, 36.9645771795516, 36.9646087836561, 36.9650928490846, 36.9665433181809, 36.967267321354, 36.9673837505436, 36.9674892970641, 36.9679276819287, 36.9574597227639, 36.9577003999777, 36.9577297434813))
"40";"179";138;list(c(-6.52545383863491, -6.52574208600791, -6.52584343568198, -6.52710641042972, -6.52727714849929, -6.5283694075782, -6.52871355285389, -6.52907784164674, -6.52954116619602, -6.53036514320881, -6.53135979596536, -6.53190414087896, -6.53291918866523, -6.53337012343246, -6.53389485265445, -6.53528821218359, -6.5355971921418, -6.53632347856902, -6.53643653753724, -6.53611419540483, -6.52487812805517, -6.52545383863491, 36.9742929457112, 36.9745021574329, 36.974564985716, 36.9750649929581, 36.9751357658396, 
36.9756092452518, 36.9757724491915, 36.9759607411405, 36.976230302964, 36.976767640839, 36.9772998949488, 36.9776348498452, 36.9783495748155, 36.9786287190626, 36.9789424396905, 36.9797235644373, 36.9799109024969, 36.9803863831001, 36.9804629971148, 36.9735055533471, 36.9738400896625, 36.9742929457112))
"41";"27";136;list(c(-7.23481102909327, -7.23527111185844, -7.23550916527141, -7.23662860375175, -7.23692163692374, -7.23734901326564, -7.23781953449752, -7.23871488396237, -7.23904701157831, -7.23939610463284, -7.23965099654212, -7.23988543489627, -7.2402546740365, -7.24158350760617, -7.24194590758179, -7.24456739667436, -7.24578105051866, -7.24587512071721, -7.24712085407347, -7.24728922265431, -7.24768877969751, -7.24830247075346, -7.24842289396718, -7.25050148373953, -7.25086197476328, -7.25150443970709, -7.25196688170332, 
-7.25314851627962, -7.25346799639179, -7.25511612536454, -7.25562452039238, -7.25484620139453, -7.23403866352679, -7.23481102909327, 37.1979895811335, 37.197965563471, 37.1979575049025, 37.1979401096848, 37.1979421507831, 37.1979547515562, 37.197985752128, 37.1980775774629, 37.1980980839309, 37.1981093220615, 37.1981085669195, 37.1980956061603, 37.1980597207265, 37.1979014015969, 37.1978685506423, 37.1977050064963, 37.1975909272819, 37.1975827768072, 37.1974839863937, 37.1974728360486, 37.1974515875878, 
37.1973825098433, 37.1973700978792, 37.1971755154363, 37.197151881363, 37.1971276848848, 37.1971267088044, 37.1971662106999, 37.1971847760329, 37.1973214070955, 37.1972813246806, 37.1834364029932, 37.1841831534954, 37.1979895811335))
"42";"10";134;list(c(-7.33711527444803, -7.34503074856498, -7.34505517189683, -7.34521588795478, -7.34521595548051, -7.34526698129434, -7.34529489162151, -7.34561275371224, -7.3456484578271, -7.34633828671939, -7.34639848859869, -7.34693782157259, -7.34731839185735, -7.3474464362713, -7.34759054490859, -7.34794405270328, -7.34812885831467, -7.34876982618405, -7.34883575601352, -7.34909538611438, -7.34935049064127, -7.34988963760585, -7.35001073691746, -7.35033115644208, -7.35052479202454, -7.35072999298371, -7.35167223330804, 
-7.35181782964996, -7.35218467710621, -7.3522318237256, -7.35248083352524, -7.35249973296351, -7.35260956447999, -7.35273640752034, -7.35278491577385, -7.3530727893871, -7.35318709955581, -7.35361611415416, -7.35416029912736, -7.35422749968858, -7.35496605283337, -7.35580836253745, -7.35672518774622, -7.35724941236683, -7.35695729269607, -7.33616270672583, -7.33711527444803, 37.1637667015446, 37.163476191987, 37.1634434899884, 37.1632952082003, 37.1632939400784, 37.1628632550358, 37.1627118555977, 
37.1617701000787, 37.1616988012821, 37.1607253181527, 37.1606620201521, 37.1601782435923, 37.1599286480592, 37.1597420150226, 37.1595466199613, 37.1591276463663, 37.1589349524937, 37.1584159400559, 37.1583449621876, 37.1580874754354, 37.1578540836408, 37.1574278755049, 37.1573451790265, 37.1571644103549, 37.1569947573584, 37.1568336636544, 37.1562473557598, 37.1561765593384, 37.1560243857106, 37.1559647741194, 37.1557425535617, 37.1556261178488, 37.1551576206066, 37.1547379059479, 37.1546074074764, 
37.1540070133034, 37.1538145172198, 37.1532228870669, 37.1526954290853, 37.1526402311786, 37.1521372012894, 37.1517525711381, 37.1514996923385, 37.1514383118493, 37.1463563068359, 37.1471203421424, 37.1637667015446))
"43";"173";134;list(c(-6.53611419540483, -6.55688152283345, -6.55610546278454, -6.53534264339047, -6.53611419540483, 36.9735055533471, 36.9728844319498, 36.9562218486388, 36.9568425965173, 36.9735055533471))
"44";"196";130;list(c(-6.45720824166953, -6.45742815385502, -6.45860027573648, -6.45873631176214, -6.46061938242737, -6.46118943534296, -6.46173959475091, -6.4647031881508, -6.46481997562832, -6.46684351162507, -6.46795536798942, -6.46913757947228, -6.4708392816146, -6.4715362143664, -6.47078005739997, -6.45652527034676, -6.45720824166953, 36.9101782907919, 36.9104748448701, 36.9118657759544, 36.9120359539848, 36.9145221811813, 36.9152244370942, 36.9158453697976, 36.9189528066775, 36.9190801911538, 36.9213772832778, 
36.9225473985657, 36.9237280378139, 36.9253751904867, 36.9253547996684, 36.9086905547446, 36.9091066443495, 36.9101782907919))
"45";"165";128;list(c(-6.55765822129243, -6.57842942149208, -6.57764821185222, -6.55688152283345, -6.55765822129243, 36.9895469543904, 36.9889218336832, 36.9722596870953, 36.9728844319498, 36.9895469543904))
"46";"72";126;list(c(-6.9621448257778, -6.96276488454616, -6.96287261762675, -6.96295788872368, -6.96297114298586, -6.96382162590791, -6.96515892459588, -6.96550474135066, -6.96590582664591, -6.96604960651443, -6.96643811471796, -6.96700841349189, -6.96715662703879, -6.96737601698253, -6.96794400929396, -6.9681504015519, -6.96876209672225, -6.9690899888042, -6.96985523271754, -6.97000656846811, -6.97021677335053, -6.97031102477304, -6.97051061391969, -6.97123030250936, -6.97138799459449, -6.97247774503574, -6.97258324125335, 
-6.97350155449295, -6.97366215258836, -6.97414309510602, -6.97420419567968, -6.97436464025736, -6.97470212005743, -6.97496827698348, -6.97499472477687, -6.97509857066323, -6.9755511633227, -6.9759741385197, -6.97621652762677, -6.97651702775387, -6.97675211817902, -6.97712939632061, -6.9772789912254, -6.97750269861781, -6.97798188460726, -6.97814274299649, -6.97841740746665, -6.9790661526004, -6.97927264798694, -6.97987156505288, -6.98341344851461, -6.98253804130684, -6.96172993684229, -6.9621448257778, 
37.1681869450726, 37.1685428919434, 37.1686009235558, 37.1686412611885, 37.1686469494752, 37.1689810044801, 37.1694831574641, 37.1696258566764, 37.1698068488411, 37.1698741778641, 37.1700628462397, 37.1702303879344, 37.1702759932687, 37.1703465902434, 37.1705620842841, 37.1706529803447, 37.1709688512866, 37.1711654430736, 37.1717278994248, 37.1718637866063, 37.171944532216, 37.1719524890798, 37.1719770883722, 37.1721081380541, 37.172146436495, 37.1725243598861, 37.1725730577807, 37.1731119834317, 
37.1732298787523, 37.173633590659, 37.1736922885539, 37.1738589714175, 37.1740916086583, 37.174258693735, 37.174273926478, 37.1743251684625, 37.1744416388114, 37.1745669020452, 37.1746483985378, 37.1747585363225, 37.1748520322644, 37.1750179767826, 37.1750903736638, 37.1752049717944, 37.1754644607611, 37.1755551602189, 37.1757163270252, 37.1759737917444, 37.1760604029762, 37.1763254470046, 37.1762062397407, 37.1595524201308, 37.1602509588391, 37.1681869450726))
"47";"64";123;list(c(-7.00489680471127, -7.00629862868968, -7.00663547065172, -7.00681266458871, -7.00711597326181, -7.00767539239605, -7.01026552274648, -7.01039178537913, -7.01277525044701, -7.01293086392966, -7.01331730557478, -7.02592180460525, -7.02503658256159, -7.00422537745026, -7.00489680471127, 37.1882013970356, 37.1887693472488, 37.1889185783315, 37.1890040746474, 37.189162173784, 37.1894764487101, 37.1906895276087, 37.190742448015, 37.1916555226869, 37.1917177100749, 37.191878646983, 37.1914503008711, 
37.1747973912568, 37.175503637462, 37.1882013970356))
"48";"2";120;list(c(-7.37834109926901, -7.37917269088031, -7.37999456237329, -7.38041303010613, -7.38070831456116, -7.38091243614191, -7.38128011451346, -7.38134966298237, -7.38159674993889, -7.38169305492459, -7.38241804690697, -7.38332555808678, -7.38348215440069, -7.38430632786457, -7.38519190352996, -7.38535199555778, -7.38626084407996, -7.38717429561383, -7.38737368473162, -7.38840302306804, -7.3893576414726, -7.38951213631733, -7.3903787596971, -7.39044634715106, -7.39053452113996, -7.39069511334947, -7.3917242145614, 
-7.39183671081581, -7.39270759028753, -7.39282548927989, -7.39336474056037, -7.39348714282534, -7.3939928619375, -7.39433783258928, -7.39441664572065, -7.39459390914755, -7.3945999597225, -7.39474648036188, -7.39521064594114, -7.39550075762893, -7.39590315223604, -7.39598865797644, -7.39798582472297, -7.39866785802618, -7.3987384593451, -7.39943346633267, -7.39854410224585, -7.377751092436, -7.37834109926901, 37.1558030234665, 37.1562700367424, 37.1570264021648, 37.156966360612, 37.1569363632581, 
37.156925134249, 37.1567415149763, 37.1567187460398, 37.1563274191098, 37.1562054223915, 37.1554806944649, 37.1549024820719, 37.1548237859944, 37.1544873186197, 37.1542729672077, 37.1542463691614, 37.1541611294969, 37.1542046105568, 37.1542283099622, 37.1544383754405, 37.1548113440641, 37.154888240786, 37.1554289000647, 37.1554934914236, 37.1555101619892, 37.1555552601387, 37.1559504135704, 37.1560065111793, 37.1565514895342, 37.1566429859669, 37.1571327108275, 37.1572632063491, 37.1579218309421, 
37.1586439046572, 37.1588698004504, 37.1596792491558, 37.1597439417963, 37.1598825635872, 37.1603964196294, 37.1607753079268, 37.1614201828342, 37.1615932498071, 37.1615190044963, 37.1606988683915, 37.1606336706679, 37.1601397030258, 37.144817332443, 37.1455886367927, 37.1558030234665))
"49";"30";120;list(c(-7.21400180728846, -7.21452920262044, -7.21536069511472, -7.21565977988154, -7.21637195406996, -7.21727278894216, -7.21751337784643, -7.21838268140417, -7.21889055440808, -7.21939495585098, -7.21965844135782, -7.22040746384644, -7.22084693973099, -7.22160067451744, -7.22186066123157, -7.22233888525585, -7.22286306597804, -7.22391638606756, -7.22459858737112, -7.22482663622393, -7.22538711235354, -7.22572444454031, -7.22667999996182, -7.22712393032717, -7.22751471050306, -7.22791983173288, 
-7.22841250547292, -7.22877724954752, -7.22975769588614, -7.23018821313254, -7.23067458620139, -7.23114898277642, -7.23138526983842, -7.23176156094328, -7.23252156319381, -7.23278439949399, -7.23293823268593, -7.23321469008486, -7.23415513490368, -7.23457964936641, -7.23481102909327, -7.23403866352679, -7.21323036033114, -7.21400180728846, 37.1987842333941, 37.1987996700672, 37.1989342462371, 37.1990033435073, 37.1992527053356, 37.1989657994958, 37.1989099031503, 37.1987707828474, 37.1987249870336, 
37.1986992444428, 37.1986960455162, 37.1987301788305, 37.1987757778218, 37.1988998366858, 37.1989589343641, 37.1990879736397, 37.1992524420555, 37.1989354337466, 37.1987126205866, 37.1986430775156, 37.1984840872814, 37.198398597529, 37.1981847116823, 37.1981019125834, 37.1980433169971, 37.197995670703, 37.1979534746511, 37.197932562379, 37.1979039672865, 37.1979056525814, 37.1979236532571, 37.1979586581372, 37.1979848575045, 37.1980378985193, 37.1981681814969, 37.1981775130436, 37.1981712572543, 
37.1981493496676, 37.1980378446189, 37.1980016591502, 37.1979895811335, 37.1841831534954, 37.184926262371, 37.1987842333941))
"50";"193";119;list(c(-6.4715362143664, -6.49229191697211, -6.49153126141871, -6.47078005739997, -6.4715362143664, 36.9253547996684, 36.9247456512457, 36.9080817728491, 36.9086905547446, 36.9253547996684))
"51";"9";115;list(c(-7.33770731332342, -7.33854829037505, -7.33856261842009, -7.3388026820453, -7.33922009276933, -7.33979976173823, -7.34052073810293, -7.34199968031999, -7.34312725443058, -7.34426184303694, -7.34458630462231, -7.34503074856498, -7.33711527444803, -7.33770731332342, 37.1741058053182, 37.1731833549795, 37.1731073999242, 37.1723390986767, 37.1716210337735, 37.1709791537488, 37.1704366533533, 37.1695191667068, 37.1679724007402, 37.1647550230651, 37.1640712816916, 37.163476191987, 37.1637667015446, 
37.1741058053182))
"52";"94";108;list(c(-6.85513854127503, -6.87593656685118, -6.87508668864455, -6.85429319583309, -6.85513854127503, 37.1137197183995, 37.1130406202535, 37.0963844716209, 37.0970631621171, 37.1137197183995))
"53";"7";103;list(c(-7.35695729269607, -7.377751092436, -7.37679024941835, -7.35600097825363, -7.35695729269607, 37.1463563068359, 37.1455886367927, 37.1289431281845, 37.1297103378531, 37.1463563068359))
"54";"102";102;list(c(-6.81270412955687, -6.83349900823453, -6.83265888723361, -6.81186853880263, -6.81270412955687, 37.0984096354673, 37.0977382168589, 37.0810811918734, 37.0817522073591, 37.0984096354673))
"55";"121";102;list(c(-6.70725169554695, -6.70821165269326, -6.70825564827335, -6.71313058972195, -6.71695567295697, -6.71707587256627, -6.7203916819662, -6.7205069951927, -6.72392456597664, -6.72433521681092, -6.7247664984871, -6.7272437774758, -6.72861207924394, -6.72788352239298, -6.70709430658694, -6.70725169554695, 37.0716224058545, 37.0721330182296, 37.0721566791805, 37.0748071921108, 37.0768245708332, 37.076889906317, 37.0787468278116, 37.0788132981607, 37.0808404949276, 37.0810564391424, 37.0812423945934, 
37.0821667149286, 37.0826009644258, 37.06774084105, 37.0683932890742, 37.0716224058545))
"56";"73";90;list(c(-6.96172993684229, -6.98253804130684, -6.98166335358633, -6.96085978998305, -6.96172993684229, 37.1602509588391, 37.1595524201308, 37.1428985359482, 37.143596655588, 37.1602509588391))
"57";"139";89;list(c(-6.6219585070388, -6.62330975748645, -6.6235862888085, -6.62459814634586, -6.62485315148835, -6.6258388140749, -6.62613997172101, -6.6269217465039, -6.627283505279, -6.62801988782115, -6.62832947598228, -6.63016371462443, -6.63159330310289, -6.6331452486628, -6.63323330760468, -6.63609569347972, -6.6431272956603, -6.64233059290251, -6.62155230161856, -6.6219585070388, 37.0295283559177, 37.0299590586309, 37.030054725175, 37.0304330086952, 37.0305352563999, 37.0309579380142, 37.0310976671223, 
37.0314889503139, 37.0316874780828, 37.0321292596641, 37.0323302725868, 37.0336175371188, 37.0345375928677, 37.0354372388661, 37.0354894252482, 37.0372233480678, 37.037007369911, 37.0203465486174, 37.0209833093445, 37.0295283559177))
"58";"117";88;list(c(-6.73366165773143, -6.73395489692557, -6.73477636929609, -6.7351111549667, -6.73588973464175, -6.73613364551599, -6.73663103585195, -6.73690934885712, -6.73869985453743, -6.73923277898096, -6.73962072977839, -6.73968203974474, -6.73999236930471, -6.74380777682975, -6.74439335371268, -6.74468824414697, -6.74553959396963, -6.74622886961112, -6.74774149513823, -6.74791948190304, -6.7481898818202, -6.74996029396109, -6.74949338765371, -6.73339107624958, -6.73366165773143, 37.0843650296607, 37.0844971927842, 
37.0848959755939, 37.0850729794156, 37.0855200605973, 37.0856690297956, 37.0859918165653, 37.0861859203167, 37.0875269591718, 37.0879066342691, 37.0881582821234, 37.0881900671083, 37.0883192255506, 37.0897218535364, 37.089974585778, 37.0901220794401, 37.0906536290863, 37.0911847345697, 37.0922606460792, 37.0923645175216, 37.0924911463524, 37.0932074825879, 37.0837434463182, 37.0842521456031, 37.0843650296607))
"59";"118";86;list(c(-6.72861207924394, -6.73113699394817, -6.73132236261729, -6.73235511770406, -6.73265689689982, -6.73339107624958, -6.74949338765371, -6.7486720668254, -6.72788352239298, -6.72861207924394, 37.0826009644258, 37.0834022250707, 37.0834643919858, 37.0838296761265, 37.083945847901, 37.0842521456031, 37.0837434463182, 37.0670847593832, 37.06774084105, 37.0826009644258))
"60";"3";80;list(c(-7.377751092436, -7.39854410224585, -7.39757873133102, -7.37679024941835, -7.377751092436, 37.1455886367927, 37.144817332443, 37.1281722863797, 37.1289431281845, 37.1455886367927))
"61";"110";80;list(c(-6.77028578530588, -6.79107750359125, -6.79024712674783, -6.76945993617862, -6.77028578530588, 37.0830833349549, 37.082419588511, 37.0657616965964, 37.066425044442, 37.0830833349549))
"62";"125";77;list(c(-6.68598107101043, -6.6879508035203, -6.68836056836386, -6.68885695142342, -6.68907949812447, -6.68930294712101, -6.69138307934175, -6.69197275525809, -6.69225324541411, -6.69292449859721, -6.69317739381172, -6.69347988522362, -6.69367362237956, -6.69452299846063, -6.69470109060624, -6.6958010114573, -6.69665642084827, -6.69698566158893, -6.69707200680985, -6.69816077691557, -6.6984964024155, -6.69910489742778, -6.70023353610595, -6.70048455719704, -6.70709430658694, -6.70628271176001, -6.68549735460811, 
-6.68598107101043, 37.0623689541227, 37.0631293869025, 37.0633060900034, 37.0635436797474, 37.0636564189933, 37.0637760631618, 37.064481805552, 37.0647182309027, 37.0648491252399, 37.065221819196, 37.0653872124333, 37.0656012302081, 37.0657494068564, 37.065965455398, 37.0660266527439, 37.0665404726015, 37.0670620862599, 37.0672503409296, 37.067294223076, 37.0676822019784, 37.0678135597304, 37.0680737959707, 37.0685343693428, 37.068599963485, 37.0683932890742, 37.0517337536683, 37.0523821779599, 37.0623689541227
))
"63";"48";71;list(c(-7.08900485219019, -7.0930207166672, -7.09304213355593, -7.09488745089993, -7.0968354636657, -7.09712648501658, -7.09890626571337, -7.09900201122524, -7.09941163900878, -7.09975322016082, -7.10019196540762, -7.10048724949039, -7.10088809806586, -7.10137717281754, -7.10173180550215, -7.10230576054702, -7.10261221830099, -7.10320148831723, -7.10344467624818, -7.10420390680074, -7.10471027932919, -7.10500480605428, -7.1055866740095, -7.10581442405834, -7.10712635145118, -7.10724166764544, -7.10975991994352, 
-7.10992533302011, -7.1091774943904, -7.08836467721295, -7.08900485219019, 37.2011594588976, 37.2015579189596, 37.2015600796476, 37.2017493412072, 37.2018379752643, 37.2018577744562, 37.2020191570232, 37.2020205558025, 37.2020394680504, 37.2020660677202, 37.2021153756239, 37.2021588742167, 37.2022311036438, 37.2023355995831, 37.2024222975869, 37.2025806876043, 37.2024965528141, 37.2023651509869, 37.2023230539864, 37.2022378004938, 37.2022111036188, 37.2022022590403, 37.2021979612063, 37.2022002617081, 
37.2022364640794, 37.2022406692732, 37.2023548525063, 37.2023606415482, 37.1885871678159, 37.1893084182399, 37.2011594588976))
"64";"133";70;list(c(-6.64332997632553, -6.64497366438061, -6.64542680297679, -6.64621661124979, -6.64707534048046, -6.64733292936106, -6.6480207843372, -6.65010251925017, -6.65015742696533, -6.65123179466584, -6.65160068471095, -6.65191597818808, -6.65232853420526, -6.65334342036295, -6.65374517495299, -6.65514969485857, -6.65538390818873, -6.6557555927731, -6.6561023159569, -6.65704044877377, -6.65855717180932, -6.65885828503696, -6.65930046943714, -6.65954367621552, -6.65997086327718, -6.66029854879516, -6.66110723089577, 
-6.66139044581704, -6.66297150501399, -6.66451652772187, -6.66467195875506, -6.66390945213725, -6.6431272956603, -6.64332997632553, 37.0412436770896, 37.0421627587616, 37.0423997544022, 37.0425572934616, 37.0427940773003, 37.042885973304, 37.0431828558591, 37.0442503101378, 37.044278856204, 37.0448451320404, 37.0450586599801, 37.0452585517473, 37.0455498025083, 37.046346464031, 37.046526051295, 37.0469952832119, 37.0470790202464, 37.0472208140689, 37.0473661511049, 37.0477961590251, 37.0483968073518, 
37.0485260798865, 37.0487311710089, 37.0488512370631, 37.0490753274941, 37.0492621118887, 37.04976189118, 37.049950090488, 37.0510786587094, 37.0521182230778, 37.0522092064686, 37.0363665955783, 37.037007369911, 37.0412436770896))
"65";"45";69;list(c(-7.10992533302011, -7.11116137517394, -7.11269449477002, -7.11276372790816, -7.11496068887011, -7.11577100076183, -7.11663881337001, -7.11704714030446, -7.1173532156227, -7.11878811394673, -7.11936521554341, -7.11951495427046, -7.1203041143343, -7.12051013103975, -7.1213845855109, -7.12190398426846, -7.12235105988211, -7.12271194875507, -7.12315912403065, -7.12327746980863, -7.12522360502257, -7.12628787307548, -7.1268717927769, -7.1271560772379, -7.12759448101426, -7.1287178403741, -7.12895918767202, 
-7.12935565172462, -7.12962686428848, -7.13026408926866, -7.13077481247115, -7.12998956852582, -7.1091774943904, -7.10992533302011, 37.2023606415482, 37.2024038925285, 37.2024239641834, 37.202425238394, 37.2024773415791, 37.2024818254638, 37.2024677503919, 37.2024551435425, 37.2024340085532, 37.2022684268535, 37.2021657443549, 37.2021409404708, 37.2020198494551, 37.2019916522177, 37.2018863607222, 37.2018449733123, 37.2018273757572, 37.2018231840271, 37.2018303851235, 37.2018333673246, 37.2019001094353, 
37.2019255033235, 37.2019658190163, 37.2019984181729, 37.2020641207907, 37.2022726503903, 37.2023081010984, 37.2023216249742, 37.2023134709541, 37.2022618079036, 37.2022516936045, 37.1878622732921, 37.1885871678159, 37.2023606415482))
"66";"33";68;list(c(-7.19327095530182, -7.19330897407103, -7.19371400157819, -7.1942566407356, -7.1945332020596, -7.19540135575201, -7.19569650078792, -7.19700822923699, -7.19714245932338, -7.19921605642245, -7.19938070705631, -7.19989625835823, -7.20108404740751, -7.20153834942959, -7.20184963321836, -7.20243519875309, -7.20299386816431, -7.20363977704963, -7.20445143219971, -7.20498299647463, -7.2051327645829, -7.20537564251286, -7.20609017134731, -7.20635316217549, -7.207351217141, -7.20751800908038, -7.20820136751599, 
-7.20837005852524, -7.20883687371366, -7.20901116413047, -7.20987061419733, -7.21019099670805, -7.21047199461193, -7.21094695616327, -7.21112544964788, -7.21172507888572, -7.21191107050321, -7.21266481101899, -7.21283570214375, -7.21339244563432, -7.21368142985462, -7.21400180728846, -7.21323036033114, -7.19242129551974, -7.19327095530182, 37.201003742161, 37.2010017147255, 37.2009695024146, 37.2008998350511, 37.2008703814203, 37.2007967883145, 37.2007785344429, 37.2007273416715, 37.2007234892825, 
37.2006853649647, 37.2006769189235, 37.200606322828, 37.2003766518804, 37.2003057311519, 37.2002685341847, 37.2002254084298, 37.2002096111873, 37.20022342437, 37.2002812239502, 37.2003412935927, 37.2003645698754, 37.2002308983463, 37.1999010775514, 37.1998009831151, 37.1995165778186, 37.199483880072, 37.1993879714287, 37.1993734727805, 37.1993502458917, 37.1993478466156, 37.199392989229, 37.1994312882137, 37.1994914531961, 37.1992821515473, 37.1992176551999, 37.1990356449226, 37.1989894478799, 37.1988503443391, 
37.198829346035, 37.1987852533552, 37.1987748549044, 37.1987842333941, 37.184926262371, 37.1856657292027, 37.201003742161))
"67";"238";68;list(c(-6.43037988873593, -6.43051871542688, -6.43062950040426, -6.43068522286669, -6.4307246771683, -6.43070890060132, -6.43065116616513, -6.43013582723048, -6.43011252510619, -6.43069898631988, -6.43083591888609, -6.43124565610213, -6.43136018366606, -6.43170982588903, -6.43190828333689, -6.43208491072888, -6.43217972530983, -6.43237144215946, -6.43305324537281, -6.43377568305636, -6.43522997861595, -6.43527143633294, -6.4358665775506, -6.43591689746276, -6.44852676900668, -6.44777696303098, -6.43035814072093, 
-6.43037988873593, 36.8598626511954, 36.8603106439446, 36.860782660624, 36.8611284570581, 36.8618169441345, 36.8621618436187, 36.8626473402138, 36.8653185420515, 36.8655166296685, 36.8664594252956, 36.866698080587, 36.8674757622046, 36.8677130612632, 36.868508744702, 36.8690921301566, 36.8698136286796, 36.8700434013904, 36.8704373102079, 36.8716900579795, 36.8729316992799, 36.8752068982271, 36.8752732004475, 36.8762464750059, 36.8763319942712, 36.8759663220681, 36.8593015328697, 36.8598061109476, 
36.8598626511954))
"68";"68";66;list(c(-6.98350974482024, -6.98353281714831, -6.98386198522277, -6.98406388204595, -6.98440354153933, -6.98454754111149, -6.98466216465899, -6.98479310875172, -6.98497716599788, -6.98518107574096, -6.98524062178661, -6.9852606777914, -6.98532508138625, -6.98577210328352, -6.98612718980915, -6.98624716131511, -6.98639563065929, -6.98648195238465, -6.98758424192685, -6.98834364222554, -6.98933010075752, -6.98982063708969, -6.99039571161679, -6.99105596738165, -6.99352808195194, -6.99364228062124, -6.99403676743457, 
-6.99440085302962, -6.99514097032619, -6.99540872564686, -6.99582660797529, -6.9962615397967, -6.99704191250982, -6.99735473985384, -6.99781602683744, -6.99799380500453, -6.99831989727731, -6.9985434740181, -6.99885516867349, -6.99908990803139, -6.99955244592197, -6.99967271821174, -6.99974639772287, -7.00001608309108, -7.00123149975327, -7.00179827452328, -7.00214593022242, -7.00240641995016, -7.00268845524583, -7.00382705159789, -7.00433853321704, -7.00489680471127, -7.00422537745026, -6.98341344851461, 
-6.98350974482024, 37.1780373490077, 37.1780508800752, 37.1782607996303, 37.1784005939854, 37.1786580083051, 37.1787774037571, 37.1788933038671, 37.178996034489, 37.1792118108273, 37.1794179878708, 37.1795110696853, 37.1795335432639, 37.1795873433736, 37.1800146241864, 37.1804042527116, 37.1804638629558, 37.1805444248918, 37.1805788617687, 37.1808389570313, 37.1810710635954, 37.1814455473588, 37.1816582286985, 37.1819404438025, 37.1822442641432, 37.18327306361, 37.1833220403027, 37.1834963121249, 
37.1836375854632, 37.1838764385332, 37.1839699164001, 37.1841271095876, 37.1843112663473, 37.1846804504138, 37.1848407569949, 37.185096146171, 37.1851990689647, 37.1853963607352, 37.1855395243862, 37.1857506158098, 37.1859196241009, 37.1862735229469, 37.1863103879507, 37.186317493425, 37.1863526923669, 37.1866360426004, 37.186830634214, 37.1869623609675, 37.1870706562679, 37.1871969496759, 37.1877445862814, 37.1879752056142, 37.1882013970356, 37.175503637462, 37.1762062397407, 37.1780373490077))
"69";"78";65;list(c(-6.94005551122383, -6.96085978998305, -6.95999035828006, -6.93919061728373, -6.94005551122383, 37.14429113487, 37.143596655588, 37.1269422879703, 37.127636350541, 37.14429113487))
"70";"86";64;list(c(-6.89758900650839, -6.91839016545612, -6.91753051701047, -6.89673389333286, -6.89758900650839, 37.1290135595833, 37.1283267745412, 37.1116715116948, 37.1123578845575, 37.1290135595833))
"71";"128";63;list(c(-6.66619711809649, -6.66648581995867, -6.66739960414691, -6.66773803311435, -6.66848029943087, -6.66887364183244, -6.66958951324901, -6.67035315566492, -6.67055505078581, -6.67131384341586, -6.67152434725052, -6.67265462712602, -6.67305310923404, -6.67469120503624, -6.67503258590989, -6.67513180727929, -6.67609010512495, -6.67630441366484, -6.67755956129925, -6.67768520396791, -6.67989541598631, -6.68021375617788, -6.68114682430153, -6.68140295141535, -6.68232462498995, -6.68236168190314, 
-6.68327765644087, -6.68343710152023, -6.68416676720924, -6.6852044133558, -6.68525421460375, -6.68598107101043, -6.68549735460811, -6.66608512794737, -6.66619711809649, 37.0530447209802, 37.0531786331811, 37.053416394187, 37.0535149536386, 37.0537547432831, 37.0538972928423, 37.0541859802661, 37.0545633517417, 37.0546835467205, 37.0552361768872, 37.0554230142691, 37.0560271337011, 37.0562628281222, 37.0573318881562, 37.0575372502069, 37.0575864547966, 37.0579076042384, 37.0579840178331, 37.0584589971465, 
37.0585082087499, 37.05940356975, 37.0595439212191, 37.0599900019607, 37.0601207209334, 37.0606219996416, 37.0606423416645, 37.0611498201743, 37.0612417704127, 37.0616795498091, 37.062069364935, 37.0620883322504, 37.0623689541227, 37.0523821779599, 37.052984467061, 37.0530447209802))
"72";"60";60;list(c(-7.02592180460525, -7.04673682860187, -7.04584706013121, -7.02503658256159, -7.02592180460525, 37.1914503008711, 37.1907399851696, 37.1740875015216, 37.1747973912568, 37.1914503008711))
"73";"76";58;list(c(-6.94699716855452, -6.94730795559329, -6.94764662333527, -6.94769805509545, -6.94811426002633, -6.94912616081944, -6.95009252272664, -6.95097621432918, -6.95130046169633, -6.9519168494303, -6.95232821320251, -6.95259393172344, -6.95282302314266, -6.95300285574091, -6.95342774126367, -6.95361867020339, -6.95376956567497, -6.95401890975989, -6.95451549791493, -6.9550605171192, -6.95523221945179, -6.95569548024824, -6.9566411441511, -6.95670994283774, -6.95718323221539, -6.957747050204, -6.95775959876961, 
-6.95795306058963, -6.95797442108603, -6.95835347360742, -6.96107379904833, -6.96113403109839, -6.96190750340327, -6.9621448257778, -6.96172993684229, -6.94688845885992, -6.94699716855452, 37.1607848619197, 37.160904056748, 37.1610464144246, 37.1610700019443, 37.1610483558751, 37.1611554327809, 37.1614184428081, 37.1618272798734, 37.1620551039405, 37.1623222430919, 37.1624797001147, 37.162589011845, 37.1626900074679, 37.1627730692967, 37.1629784604482, 37.1630753439426, 37.1631556405204, 37.1632969386431, 
37.1635962261545, 37.1639748006113, 37.1641118747781, 37.1642997662358, 37.1647930857311, 37.1648381838845, 37.1651898595569, 37.1656641955638, 37.1656739102854, 37.165808620349, 37.1658222100898, 37.1660443061791, 37.1675695461535, 37.1676038283386, 37.1680507075267, 37.1681869450726, 37.1602509588391, 37.1607469547073, 37.1607848619197))
"74";"124";56;list(c(-6.70070971459097, -6.70114387628144, -6.70142026407781, -6.70194795402468, -6.70449666246332, -6.70458005453407, -6.70561511898985, -6.70573299028919, -6.706930852027, -6.70703218775349, -6.70725169554695, -6.70709430658694, -6.70048455719704, -6.70070971459097, 37.0686587986418, 37.0687896804526, 37.0688844763424, 37.0690945519609, 37.0702578015527, 37.0702966859304, 37.070789664641, 37.0708475151371, 37.0714530891499, 37.0715056449701, 37.0716224058545, 37.0683932890742, 37.068599963485, 
37.0686587986418))
"75";"129";54;list(c(-6.66467195875506, -6.6649872822584, -6.66608512794737, -6.68549735460811, -6.68469094949363, -6.66390945213725, -6.66467195875506, 37.0522092064686, 37.0523937834576, 37.052984467061, 37.0523821779599, 37.0357221908639, 37.0363665955783, 37.0522092064686))
"76";"69";48;list(c(-6.98341344851461, -7.00422537745026, -7.00334542628443, -6.98253804130684, -6.98341344851461, 37.1762062397407, 37.175503637462, 37.1588502392795, 37.1595524201308, 37.1762062397407))
"77";"146";47;list(c(-6.60823612141408, -6.60868762104634, -6.6096946012276, -6.60992163503503, -6.60993120727397, -6.61034120682877, -6.61088102637391, -6.61192476154098, -6.61275419238962, -6.61321187458968, -6.61407042866063, -6.61447172071656, -6.6148691959101, -6.61706358233388, -6.61723758052436, -6.61768898110978, -6.61791354321845, -6.6190427912135, -6.61940193156488, -6.61991249423502, -6.6203830108725, -6.62039952204857, -6.62139287381744, -6.62192532058948, -6.6219585070388, -6.62155230161856, -6.60792429566257, 
-6.60823612141408, 37.0216412548733, 37.0219470297954, 37.0225508326401, 37.0226663756979, 37.0226703993763, 37.0228070474604, 37.0229621604569, 37.0232264880374, 37.0235016995198, 37.0236921912246, 37.0241407620494, 37.0243989514589, 37.0246826836463, 37.0264184167741, 37.0265628355468, 37.0269560209466, 37.0271651043219, 37.0282897193435, 37.0285950067296, 37.0289786003149, 37.0291486278788, 37.0291535499101, 37.0293742411305, 37.0295177776807, 37.0295283559177, 37.0209833093445, 37.0213989647913, 
37.0216412548733))
"78";"114";40;list(c(-6.74949338765371, -6.77028578530588, -6.76945993617862, -6.7486720668254, -6.74949338765371, 37.0837434463182, 37.0830833349549, 37.066425044442, 37.0670847593832, 37.0837434463182))
"79";"51";39;list(c(-7.06806486357046, -7.06828039473847, -7.06843320506886, -7.06889528176858, -7.06968241499606, -7.07048304936187, -7.07166168412307, -7.07246633257103, -7.07324593412854, -7.07416619272567, -7.07457248932892, -7.07573291233241, -7.07588051117525, -7.077267134528, -7.07762075089053, -7.07921526280571, -7.0800557064693, -7.08085134658428, -7.08126799256555, -7.08214162112679, -7.08301067645207, -7.08386863056042, -7.08394631902668, -7.08514443293412, -7.08619286584856, -7.08859316218736, -7.08900485219019, 
-7.08836467721295, -7.06755112071075, -7.06806486357046, 37.1995856550303, 37.1996948345416, 37.199794295676, 37.1996944766142, 37.1995754723579, 37.1995544168118, 37.1995960184102, 37.1996749244003, 37.1998527407829, 37.2001261741933, 37.2002042572696, 37.2001953746833, 37.2001959169489, 37.200216720381, 37.2002316529903, 37.2003425521538, 37.2004570154829, 37.2006199069308, 37.2005739554126, 37.2005369230621, 37.2006173638077, 37.2007559590497, 37.2007716310668, 37.2007384164869, 37.2007941671169, 
37.2011186023716, 37.2011594588976, 37.1893084182399, 37.1900260241589, 37.1995856550303))
"80";"42";38;list(c(-7.13077481247115, -7.1310575704361, -7.13285793911318, -7.13292740593496, -7.13296883688757, -7.13346451773215, -7.13361382567453, -7.13430396003098, -7.13474346071103, -7.13531573089687, -7.13562355223142, -7.13579484302241, -7.13652382246047, -7.13669431302077, -7.13731815517761, -7.13762063880199, -7.13858812316715, -7.13908799967425, -7.13933151127535, -7.13963528083324, -7.1401160887083, -7.14199534066541, -7.1423257536023, -7.14301881585778, -7.14348982997088, -7.14382160697601, -7.14471330102675, 
-7.14535645586471, -7.14573303802108, -7.14630097137821, -7.14668705126726, -7.14694557516528, -7.14801091813695, -7.1483195895875, -7.15012869062298, -7.15032792542712, -7.15077210093048, -7.15120446369998, -7.15142435154298, -7.15162778883952, -7.15080089590277, -7.12998956852582, -7.13077481247115, 37.2022516936045, 37.2022460929512, 37.2023203195764, 37.2023207576849, 37.2023187032948, 37.2022722823256, 37.2022497557806, 37.2021180082704, 37.2020499248667, 37.2019815304126, 37.2019522009625, 
37.2019400021924, 37.2019290638913, 37.2019360640773, 37.2019919742498, 37.2020339729557, 37.2022467602594, 37.2023994538, 37.2024795339974, 37.2025866860944, 37.2026365186219, 37.2027737568696, 37.2028064292621, 37.2028930268245, 37.2029698349148, 37.2030368260987, 37.2027434204048, 37.2025700340928, 37.2024899394558, 37.202395870097, 37.2023496738449, 37.2023240084175, 37.2022398165159, 37.202222807432, 37.2021662165768, 37.2021630340695, 37.2021627355764, 37.2021768212442, 37.2021913211851, 37.2022102671147, 
37.1871337350754, 37.1878622732921, 37.2022516936045))
"81";"14";29;list(c(-7.31631537232469, -7.33711527444803, -7.33616270672583, -7.31536733822596, -7.31631537232469, 37.1645275579149, 37.1637667015446, 37.1471203421424, 37.1478807422834, 37.1645275579149))
"82";"231";25;list(c(-6.44852676900668, -6.46926960733419, -6.46851531328138, -6.44777696303098, -6.44852676900668, 36.8759663220681, 36.8753618845665, 36.8586974592572, 36.8593015328697, 36.8759663220681))
"83";"84";17;list(c(-6.90558173519628, -6.90593275200916, -6.90606324789405, -6.90657190871018, -6.90661373660523, -6.90665136897959, -6.90692668785835, -6.90713797800181, -6.90734688934462, -6.90755398021044, -6.9077792277123, -6.90852789708726, -6.90870915609884, -6.9096784024775, -6.91097392438107, -6.91136045635111, -6.91150275157631, -6.91202922991225, -6.91203992813697, -6.91219488717941, -6.91292047343632, -6.91461451291882, -6.91485635098758, -6.91692845783809, -6.91753873442813, -6.91814855498264, -6.91843734864236, 
-6.91875945579782, -6.91953171027386, -6.91925052102213, -6.90538511747689, -6.90558173519628, 37.145524713025, 37.1456897895418, 37.1457567866732, 37.1460541704165, 37.1460818803729, 37.1460915402504, 37.1461690894883, 37.1462339867185, 37.1463023474124, 37.1463743443013, 37.1464578171501, 37.1467528043375, 37.1468277893657, 37.1472482149037, 37.1477666480266, 37.1479381088133, 37.1480077058177, 37.1483023873418, 37.1483091991411, 37.1483595086007, 37.1485763126487, 37.1490537341811, 37.14912734354, 
37.1498056527492, 37.1499857682306, 37.1501520332809, 37.150221300556, 37.1502853921484, 37.1504223954999, 37.1449819734044, 37.1454403451483, 37.145524713025))
"84";"36";16;list(c(-7.17239414152346, -7.17248330814472, -7.17358904785204, -7.17378618245256, -7.17414006342902, -7.17449933407303, -7.17484360605125, -7.17494007054371, -7.17518505104866, -7.17608580492877, -7.17653983253467, -7.17723039536317, -7.17759258419316, -7.17923639378326, -7.1798002028883, -7.17995939409633, -7.18050135396388, -7.18081740265496, -7.18102504635244, -7.18113766619172, -7.18344573989256, -7.18368545929468, -7.18452511292789, -7.18500542799577, -7.18577238568476, -7.1859393014329, -7.18718793029676, 
-7.18841819379833, -7.18893733521276, -7.18948610580517, -7.19173339206642, -7.19220132808084, -7.19327095530182, -7.19242129551974, -7.17161147280565, -7.17239414152346, 37.2006010024524, 37.2006095045977, 37.2007445009079, 37.2007716756951, 37.2008260739056, 37.2008919222219, 37.2009653661686, 37.2009479913096, 37.2009087789222, 37.2007824886226, 37.2007351724716, 37.2006877773583, 37.2006730542351, 37.2006520609332, 37.2006693040213, 37.2006811039103, 37.200744408845, 37.200795024486, 37.20078516211, 
37.2007807908488, 37.2007112024366, 37.2007083891691, 37.2007139917031, 37.2007349629574, 37.2007969621426, 37.2008126345269, 37.2009462347081, 37.2010421204762, 37.2010669129021, 37.2010773432026, 37.2010729385746, 37.2010607773786, 37.201003742161, 37.1856657292027, 37.1864015535752, 37.2006010024524))
"85";"107";16;list(c(-6.79107750359125, -6.81186853880263, -6.81103363482905, -6.79024712674783, -6.79107750359125, 37.082419588511, 37.0817522073591, 37.0650947162185, 37.0657616965964, 37.082419588511))
"86";"194";13;list(c(-6.47078005739997, -6.49153126141871, -6.49077123105009, -6.47002452193543, -6.47078005739997, 36.9086905547446, 36.9080817728491, 36.8914178341459, 36.8920262496709, 36.9086905547446))
"87";"195";13;list(c(-6.47002452193543, -6.49077123105009, -6.49001182533224, -6.46926960744183, -6.47002452193543, 36.8920262496709, 36.8914178341459, 36.874753835158, 36.8753618844688, 36.8920262496709))
"88";"241";11;list(c(-6.42681823664859, -6.42686298968246, -6.42702588325186, -6.42737080518851, -6.4277157822803, -6.42811188311568, -6.4283747327723, -6.4287376386398, -6.42909016058986, -6.42936437250645, -6.42962279344764, -6.4298479107231, -6.43000820569002, -6.43020922820513, -6.43035814072093, -6.44777696303098, -6.4470277732922, -6.42629329173361, -6.42681823664859, 36.8549855798397, 36.8552565826003, 36.8556176633502, 36.8558689630475, 36.8561450841701, 36.856493371367, 36.8567435481557, 36.8571178353609, 
36.8575302581505, 36.8578963472851, 36.858286842308, 36.8586754325135, 36.8589838766083, 36.8594189672268, 36.8598061109476, 36.8593015328697, 36.8426366837411, 36.843236785813, 36.8549855798397))
"89";"252";11;list(c(-6.39221961367046, -6.39127963248329, -6.39102939170717, -6.39069132671817, -6.39034215070658, -6.39034105698713, -6.39035266947771, -6.39033007641412, -6.39032709907657, -6.39025618625518, -6.39029551862057, -6.39055451008235, -6.39060710836208, -6.39145023132673, -6.39214551585428, -6.39266393310079, -6.39298383571334, -6.39300284024601, -6.3931106568415, -6.39298304940867, -6.39297095217577, -6.39265984605234, -6.39217445164243, -6.39214435281709, -6.39147081869531, -6.39065368499198, -6.39061038395684, 
-6.38993292107924, -6.38920961187652, -6.38913050818752, -6.38804241862049, -6.3880113133767, -6.38797035162591, -6.38798090521477, -6.38797910702852, -6.38778898069786, -6.38776108559188, -6.38754479630485, -6.3875031005775, -6.3873173224798, -6.38727622542535, -6.38705273597398, -6.38700533822439, -6.3866882153832, -6.38664751636728, -6.38602701790249, -6.38597921767714, -6.38509157719048, -6.3850538760929, -6.38376458614208, -6.38371938398015, -6.3836046914544, -6.38414218092793, -6.3842508776347, 
-6.38475093986095, -6.38482093864979, -6.38515056291007, -6.38524016239447, -6.38601868450108, -6.38605778612424, -6.38616427492154, -6.38847652245584, -6.38845928544029, -6.38842034062303, -6.38839108644203, -6.38825870039574, -6.38815497276293, -6.38814958157761, -6.38819874302957, -6.3884042200089, -6.38843162404408, -6.38879185821558, -6.38929423445942, -6.38992311044903, -6.38996021029079, -6.39091644480145, -6.39199846238923, -6.39315135053814, -6.39325174513667, -6.39333450207453, -6.39340393925074, 
-6.39425294588881, -6.39429984346523, -6.39579719744056, -6.39593758992355, -6.39685019982798, -6.39694229544152, -6.39783992870691, -6.39789602673453, -6.39878161406153, -6.39951372968655, -6.39954903048999, -6.40012814698861, -6.40046255203101, -6.40047325508827, -6.40047335277545, -6.40051376802356, -6.40055266789945, -6.40106909002448, -6.40148366180075, -6.4015067633447, -6.40181023794771, -6.40182501567817, -6.40207214133241, -6.40334118818509, -6.402603399183, -6.39232242828274, -6.39221961367046, 
36.7775029674356, 36.7776954797904, 36.7777079492282, 36.7778953366232, 36.7780246605348, 36.7780652767109, 36.778363961564, 36.7784730504693, 36.7785836170038, 36.7788411164387, 36.778918945156, 36.779019424639, 36.7790452235342, 36.7795606939499, 36.7802032528762, 36.7809460761394, 36.7817581532571, 36.7818318522151, 36.7827161686327, 36.7835987789319, 36.7836417793045, 36.784400657876, 36.7850978546643, 36.7851327556816, 36.7857672714949, 36.7862812044925, 36.7863032055526, 36.7865933561188, 36.7867998562313, 
36.7868172573285, 36.7869310063294, 36.7871280128468, 36.7878126754447, 36.7881206818914, 36.7881474818772, 36.7890631332114, 36.7891420341307, 36.7896342851776, 36.789713086631, 36.7900271446696, 36.7900897461026, 36.7903975435799, 36.7904568452019, 36.7908113155414, 36.7908521168741, 36.7913741996704, 36.7914080010567, 36.7919134852531, 36.7919304861122, 36.7923408704938, 36.7923498710771, 36.7923651086664, 36.7926062788838, 36.7926627764812, 36.7929582570137, 36.7930050551259, 36.7932453948574, 
36.7933165921402, 36.7941064955538, 36.7941578940179, 36.7943270302586, 36.7942611042496, 36.7942143337828, 36.7941410392846, 36.7940292837547, 36.7936700666887, 36.7929667153952, 36.7928354147102, 36.79210884854, 36.7914002226615, 36.79133292359, 36.7906567652248, 36.7900420527465, 36.7895079221364, 36.7894815232154, 36.7889423589447, 36.7885890382994, 36.7884394914534, 36.7884356919351, 36.788438354134, 36.7884150969603, 36.7882578596625, 36.7882524600759, 36.7882557775749, 36.7882725770593, 36.7884509632395, 
36.788476262167, 36.7888023765256, 36.7888281754134, 36.7893420061209, 36.7899936469054, 36.7900326456209, 36.7908541325408, 36.7917593687751, 36.7918079681596, 36.7918085733614, 36.791835730479, 36.7918677292735, 36.7923644514922, 36.7929194925745, 36.7929566915951, 36.7935871694023, 36.7936003430932, 36.7938725591499, 36.7938362119414, 36.7771704035691, 36.777464360058, 36.7775029674356))
"90";"11";10;list(c(-7.33616270672583, -7.35695729269607, -7.35600097825363, -7.33521092153351, -7.33616270672583, 37.1471203421424, 37.1463563068359, 37.1297103378531, 37.1304739149556, 37.1471203421424))
"91";"82";10;list(c(-6.91839016545612, -6.93919061728373, -6.93832643417518, -6.91753051701047, -6.91839016545612, 37.1283267745412, 37.127636350541, 37.1109815020504, 37.1116715116948, 37.1283267745412))
"92";"55";7;list(c(-7.04690075172401, -7.04698673772677, -7.04729012615216, -7.04836017147503, -7.04947551379413, -7.05058467383165, -7.05102515081076, -7.05212830086546, -7.05311184138647, -7.05392562902545, -7.0541567331045, -7.05464294577919, -7.05479508639624, -7.05575252015105, -7.05587091482556, -7.05626738854619, -7.05677053474001, -7.05679301294335, -7.05775149162532, -7.05892604157368, -7.06020038398679, -7.06039578328792, -7.06092892306348, -7.06156158806521, -7.06269981629617, -7.0637643353792, -7.06409921659736, 
-7.06534381063921, -7.06644240181159, -7.06723976838389, -7.06806486357046, -7.06755112071075, -7.04673682860187, -7.04690075172401, 37.1938063922439, 37.1937695785983, 37.1936655845636, 37.1934034267942, 37.1933301707442, 37.1934491970943, 37.1935357938186, 37.1938620515086, 37.194377984779, 37.1950572909828, 37.1952999826198, 37.1959531833795, 37.1959785991637, 37.1962174422337, 37.1962573405199, 37.1964069615941, 37.1966179809451, 37.1966246701489, 37.1968751694644, 37.197120799785, 37.1975377361682, 
37.1976273949656, 37.1976189933227, 37.1976536934949, 37.1978191235901, 37.1981814388969, 37.1983325315976, 37.1985575909763, 37.1988627010475, 37.1991676878429, 37.1995856550303, 37.1900260241589, 37.1907399851696, 37.1938063922439))
"93";"174";7;list(c(-6.53534264339047, -6.55610546278454, -6.55533004059943, -6.53457172554973, -6.53534264339047, 36.9568425965173, 36.9562218486388, 36.9395592044794, 36.9401795789991, 36.9568425965173))
"94";"248";7;list(c(-6.4204049807031, -6.42042878271559, -6.42077311767292, -6.42081588396291, -6.42088943044734, -6.42104459213426, -6.42104749411184, -6.42103603833769, -6.42085727095916, -6.42066730291108, -6.4205711564201, -6.4200410895257, -6.41968707998559, -6.41954119892922, -6.41953089987152, -6.41907370847362, -6.41866998121874, -6.41866546799085, -6.4186344759977, -6.41837515280335, -6.41796638864713, -6.41793649021104, -6.41733996918371, -6.41660476278218, -6.41655966207378, -6.41617410285046, -6.41591006492915, 
-6.41588066617959, -6.41551576472133, -6.41542047498567, -6.41528154003453, -6.41517853704119, -6.41509465230814, -6.41488145528541, -6.41468607696399, -6.41455727494308, -6.41444487518914, -6.41418578379205, -6.41394146974006, -6.41379181840425, -6.41365522291005, -6.41336019403985, -6.41307633326687, -6.41291158397677, -6.41275604227522, -6.41243641466265, -6.41234068026941, -6.41212821797132, -6.41113576311026, -6.41012223241212, -6.40999742564321, -6.40922378677255, -6.40887954785285, -6.40872524235048, 
-6.40865451818494, -6.40788549715177, -6.40699775284293, -6.40687664843642, -6.40603259246764, -6.40514983282705, -6.40425470937762, -6.4033739311676, -6.40329312710314, -6.403217469523, -6.40310271414956, -6.40299003432494, -6.40285933069934, -6.40251147224515, -6.402603399183, -6.42332058767003, -6.42257893784377, -6.42033976326786, -6.4204049807031, 36.7600725752681, 36.7601160742158, 36.7610015708155, 36.7614295845076, 36.7615930448535, 36.7623303339769, 36.7623602337489, 36.7631112941208, 36.7638485110903, 
36.764238989752, 36.7645025583672, 36.7652841989894, 36.7656132593705, 36.7659475478479, 36.7659656482071, 36.7666103890514, 36.7669985837517, 36.7670292000743, 36.7671522009846, 36.7678560573644, 36.7685124048006, 36.7685514058282, 36.7691851512689, 36.7697162793341, 36.7697430805375, 36.769910581792, 36.7702926825709, 36.7703278835693, 36.7706617490142, 36.7708028678501, 36.7710466202242, 36.7711611620767, 36.7712853890242, 36.7714915219737, 36.7717087840873, 36.7718049581928, 36.771913631978, 
36.7720823417662, 36.7722647635746, 36.7723388735973, 36.772427817512, 36.772552619911, 36.7726931902037, 36.7727423877284, 36.7728081832666, 36.7728842814522, 36.7729128690996, 36.7729852052375, 36.7731507579987, 36.7731577315323, 36.7731487313952, 36.7730334910216, 36.7734117364476, 36.7735261682646, 36.7736011495038, 36.7741474727699, 36.7745612121758, 36.7746054145812, 36.7748451944851, 36.774964548474, 36.7749599150224, 36.7748314321647, 36.7748137314487, 36.7747907367473, 36.7748280007255, 
36.7748943449307, 36.7749552479695, 36.7750929149221, 36.7771704035691, 36.7765753456987, 36.7599098364419, 36.7599743014195, 36.7600725752681))
"95";"39";6;list(c(-7.15162778883952, -7.15177252090291, -7.15225439082068, -7.15276235529345, -7.15508305562517, -7.15520377763736, -7.1560669490405, -7.15623302416776, -7.15703996921856, -7.15730165815317, -7.15800115992367, -7.15827214640292, -7.15855092914105, -7.15975416661296, -7.16015565499744, -7.16088698152262, -7.16197418543076, -7.1620614209833, -7.1633679126073, -7.16477287061228, -7.16591030641152, -7.16614269133903, -7.1670764430877, -7.16744753187593, -7.16784411055636, -7.16817209296489, -7.16965701146411, 
-7.16999287785209, -7.17152209319748, -7.17176610098676, -7.17214388010737, -7.17239414152346, -7.17161147280565, -7.15080089590277, -7.15162778883952, 37.2022102671147, 37.2022237456585, 37.2022818240859, 37.2023222781188, 37.2023037566948, 37.2023039110784, 37.2023130133428, 37.2022374993422, 37.2019402849748, 37.201864789575, 37.2017061364904, 37.2016607397708, 37.2016203337849, 37.2014728456564, 37.2014363140132, 37.2013926680381, 37.2012770297977, 37.2012683493424, 37.2011472843426, 37.200945599708, 
37.2007556391267, 37.2007212091588, 37.2006003187034, 37.2005631526108, 37.200534955466, 37.2005199546834, 37.2004895613438, 37.2004913498104, 37.2005389523564, 37.2005511395054, 37.2005771393502, 37.2006010024524, 37.1864015535752, 37.1871337350754, 37.2022102671147))
"96";"134";6;list(c(-6.6431272956603, -6.66390945213725, -6.66310822932984, -6.64233059290251, -6.6431272956603, 37.037007369911, 37.0363665955783, 37.0197061593247, 37.0203465486174, 37.037007369911))
"97";"49";5;list(c(-7.08836467721295, -7.1091774943904, -7.1082740904278, -7.08746581777965, -7.08836467721295, 37.1893084182399, 37.1885871678159, 37.1719359751339, 37.1726567930584, 37.1893084182399))
"98";"59";5;list(c(-7.02617963470967, -7.02688797479012, -7.02777012208842, -7.02792150131598, -7.02841912762857, -7.02869302225125, -7.0298628910188, -7.03104902905664, -7.03203362675451, -7.03300873253884, -7.03320647911094, -7.03339709277269, -7.03398039194807, -7.03472462596323, -7.03559989744368, -7.03657104774051, -7.03696972916008, -7.03804424870721, -7.03913372665729, -7.0401904305064, -7.04116806320478, -7.04202379063916, -7.04238778788031, -7.04310489360637, -7.04361784268747, -7.0439025830965, -7.04392521956276, 
-7.04425045446146, -7.04440206628155, -7.0448805375644, -7.04548335756333, -7.04619249441948, -7.04690075172401, -7.04673682860187, -7.02592180460525, -7.02617963470967, 37.1962980476225, 37.1962571988439, 37.1961064160092, 37.1960824106144, 37.1960096082714, 37.1959227592064, 37.1956729053005, 37.195534916503, 37.1954957774697, 37.1956056127243, 37.1952164340323, 37.1949322406418, 37.1942395860459, 37.193653896519, 37.1931986973735, 37.1928922720051, 37.1928021778923, 37.1926542193553, 37.1926884513274, 
37.1929033735675, 37.1932895693742, 37.1938301180359, 37.1941143069704, 37.1948106527249, 37.1956141557495, 37.1964871501279, 37.1966096486518, 37.1959369786149, 37.1957001838736, 37.195089575343, 37.1945540480595, 37.1941096185877, 37.1938063922439, 37.1907399851696, 37.1914503008711, 37.1962980476225))
"99";"70";5;list(c(-6.98253804130684, -7.00334542628443, -7.00246619832087, -6.98166335358633, -6.98253804130684, 37.1595524201308, 37.1588502392795, 37.1421967763427, 37.1428985359482, 37.1595524201308))
"100";"74";5;list(c(-6.96085978998305, -6.98166335358633, -6.98078938473475, -6.95999035828006, -6.96085978998305, 37.143596655588, 37.1428985359482, 37.1262445872186, 37.1269422879703, 37.143596655588))
"101";"122";5;list(c(-6.70709430658694, -6.72788352239298, -6.72706740181719, -6.70628271176001, -6.70709430658694, 37.0683932890742, 37.06774084105, 37.0510816975444, 37.0517337536683, 37.0683932890742))
"102";"182";5;list(c(-6.51381277686902, -6.53457172554973, -6.53380144134021, -6.5130469938585, -6.51381277686902, 36.9407963340591, 36.9401795789991, 36.9235165008144, 36.9241328848467, 36.9407963340591))
"103";"243";5;list(c(-6.42629329173361, -6.4470277732922, -6.44627919926458, -6.42554919896275, -6.42629329173361, 36.843236785813, 36.8426366837411, 36.8259717747035, 36.8265715153637, 36.843236785813))
"104";"247";5;list(c(-6.41424892933964, -6.41778558101946, -6.41941686929545, -6.4195494340652, -6.41987616378589, -6.41995238788895, -6.42024802024281, -6.42029320461119, -6.42084457258994, -6.42090439054485, -6.42147104105843, -6.42160185044822, -6.42205779231618, -6.42256714880993, -6.42278355713294, -6.42629329173361, -6.42554919896275, -6.41384313788476, -6.41424892933964, 36.8276616299105, 36.8337350924404, 36.8363739663802, 36.8366059681358, 36.8372272534843, 36.8373805928251, 36.8380112790982, 36.8381115399429, 
36.8393856137395, 36.839532561728, 36.8410171521088, 36.8413070370187, 36.8421394451009, 36.8430069256907, 36.8433380065418, 36.843236785813, 36.8265715153637, 36.8269085831794, 36.8276616299105))
"105";"31";4;list(c(-7.21323036033114, -7.23403866352679, -7.23310800591535, -7.21230424336835, -7.21323036033114, 37.184926262371, 37.1841831534954, 37.1675346015141, 37.1682772648338, 37.184926262371))
"106";"63";4;list(c(-7.01600944264016, -7.01614019322041, -7.01801252365606, -7.01802814447647, -7.01933521631624, -7.01970946875311, -7.02001888169091, -7.02110924507697, -7.02254006089394, -7.02292342345148, -7.0231900125752, -7.02361438518884, -7.02386787677892, -7.02404371049445, -7.02466081258365, -7.02532686956482, -7.02584185625348, -7.02584918212781, -7.02617963470967, -7.02592180460525, -7.01331730557478, -7.01600944264016, 37.1929997544455, 37.1930561111445, 37.1938908749916, 37.1938978673705, 37.1944853036681, 
37.1946423531233, 37.1947561148657, 37.1951225113099, 37.1955804979262, 37.1957177952773, 37.1958237906787, 37.1960127458348, 37.1961383404361, 37.1962322714282, 37.1963167698644, 37.1963478076617, 37.1963175293869, 37.1963171028052, 37.1962980476225, 37.1914503008711, 37.191878646983, 37.1929997544455))
"107";"90";4;list(c(-6.87593656685118, -6.89673389333286, -6.89587948296164, -6.87508668864455, -6.87593656685118, 37.1130406202535, 37.1123578845575, 37.095702145751, 37.0963844716209, 37.1130406202535))
"108";"191";4;list(c(-6.49077123105009, -6.51151731551423, -6.51075341910547, -6.49001182533224, -6.49077123105009, 36.8914178341459, 36.8908058049861, 36.8741421743815, 36.874753835158, 36.8914178341459))
"109";"232";4;list(c(-6.44777696303098, -6.46851531328138, -6.46776163913973, -6.4470277732922, -6.44777696303098, 36.8593015328697, 36.8586974592572, 36.8420329738625, 36.8426366837411, 36.8593015328697))
"110";"249";4;list(c(-6.40729456582712, -6.40831553447867, -6.40842411892439, -6.40909459604004, -6.4099451969305, -6.41064630459587, -6.4107956111574, -6.41091471927217, -6.41113694911813, -6.411229659718, -6.41139796924643, -6.4115259944803, -6.41159030266612, -6.41173684348199, -6.41175549596635, -6.41219718321186, -6.41235381671494, -6.4124501293301, -6.4126916571919, -6.4136364465655, -6.41384313788476, -6.42554919896275, -6.42480571770927, -6.40686902530185, -6.40729456582712, 36.8114320364305, 36.8137348632399, 
36.814009413655, 36.8159323183868, 36.8171226542453, 36.8181054898688, 36.8183304634915, 36.8185239584217, 36.8189405249756, 36.8191442206367, 36.8195896445035, 36.8200119377879, 36.8202554400804, 36.8209052317029, 36.8209933054037, 36.8232229181961, 36.8238228963451, 36.8241010024359, 36.824648648978, 36.8265250094037, 36.8269085831794, 36.8265715153637, 36.8099061851808, 36.810421988798, 36.8114320364305))
"111";"21";3;list(c(-7.27565297022302, -7.2964589663018, -7.29551469070375, -7.27471323329078, -7.27565297022302, 37.1826860112835, 37.1819319787878, 37.1652847765209, 37.1660383569377, 37.1826860112835))
"112";"189";3;list(c(-6.49229191697211, -6.5130469938585, -6.51228184025286, -6.49153126141871, -6.49229191697211, 36.9247456512457, 36.9241328848467, 36.9074693751484, 36.9080817728491, 36.9247456512457))
"113";"4";2;list(c(-7.37679024941835, -7.39757873133102, -7.39661415336428, -7.37583019565299, -7.37679024941835, 37.1289431281845, 37.1281722863797, 37.1115271719671, 37.1122975514259, 37.1289431281845))
"114";"43";2;list(c(-7.12998956852582, -7.15080089590277, -7.14988840480136, -7.12908162067279, -7.12998956852582, 37.1878622732921, 37.1871337350754, 37.170483413923, 37.1712115152865, 37.1878622732921))
"115";"46";2;list(c(-7.1091774943904, -7.12998956852582, -7.12908162067279, -7.1082740904278, -7.1091774943904, 37.1885871678159, 37.1878622732921, 37.1712115152865, 37.1719359751339, 37.1885871678159))
"116";"52";2;list(c(-7.06755112071075, -7.08836467721295, -7.08746581777965, -7.06665680644248, -7.06755112071075, 37.1900260241589, 37.1893084182399, 37.1726567930584, 37.1733739686552, 37.1900260241589))
"117";"71";2;list(c(-6.98166335358633, -7.00246619832087, -7.00158769293819, -6.98078938473475, -6.98166335358633, 37.1428985359482, 37.1421967763427, 37.1255432486775, 37.1262445872186, 37.1428985359482))
"118";"168";2;list(c(-6.55533004059943, -6.57608771833105, -6.57530843335175, -6.5545552557326, -6.55533004059943, 36.9395592044794, 36.9389352108476, 36.9222728812325, 36.922896499494, 36.9395592044794))
"119";"225";2;list(c(-6.46776163913973, -6.48849488560506, -6.48773735064219, -6.46700858438041, -6.46776163913973, 36.8420329738625, 36.8414256565148, 36.8247614768018, 36.8253684284038, 36.8420329738625))
"120";"246";2;list(c(-6.42351900114712, -6.42377254645423, -6.42402767378771, -6.4241735773384, -6.42520005180612, -6.42541774845531, -6.4257277600245, -6.42586212626113, -6.42604815228409, -6.426181005382, -6.42625332236995, -6.42633605392292, -6.4265722633647, -6.42681823664859, -6.42629329173361, -6.42278355713294, -6.42351900114712, 36.8444631286109, 36.8449141770011, 36.8454508652004, 36.8458044080264, 36.8487217707492, 36.8492075425517, 36.8498234772059, 36.8501228229338, 36.8505927138628, 36.8509976669074, 
36.8512736629474, 36.8516955941316, 36.8534960413006, 36.8549855798397, 36.843236785813, 36.8433380065418, 36.8444631286109))
"121";"251";2;list(c(-6.40334118818509, -6.42406284745189, -6.4240420120343, -6.42388423172079, -6.4235286968083, -6.42347667541825, -6.42341635011152, -6.42312522297958, -6.42282494083392, -6.4227844905715, -6.42273405639432, -6.42251121200598, -6.42227772221276, -6.42225039743104, -6.42221179248236, -6.42219339385003, -6.42205233901958, -6.42190806798749, -6.42189228461187, -6.42183322771663, -6.42178821097962, -6.42178101911518, -6.42173577457038, -6.4217301794377, -6.42173031818788, -6.4216956608648, -6.42168936487673, 
-6.42169440154505, -6.42169389290933, -6.42169526044155, -6.42172870608909, -6.42204280763546, -6.42205380886973, -6.42246450066737, -6.42301061166863, -6.42367533621403, -6.42371433573036, -6.42372638807111, -6.42332058767003, -6.402603399183, -6.40334118818509, 36.7938362119414, 36.7932407952854, 36.7927731796106, 36.7926790368005, 36.7924794365805, 36.7924358579862, 36.7923998631012, 36.7921414424312, 36.7918898900529, 36.791838986082, 36.7917942171112, 36.7914950808787, 36.7912012444095, 36.7911449714608, 
36.7910931490306, 36.7910618482353, 36.7907370849423, 36.7904399663085, 36.7903685733131, 36.7902325988016, 36.7899444223185, 36.7899158840342, 36.7896606222471, 36.7896353131629, 36.7896298381511, 36.7894343059879, 36.7893736055075, 36.7892501001816, 36.7892290603647, 36.789229038978, 36.7884089101108, 36.7874773455245, 36.7874552459058, 36.7868027885766, 36.7862180894311, 36.7857191383267, 36.7856946393976, 36.7856882086671, 36.7765753456987, 36.7771704035691, 36.7938362119414))
"122";"8";1;list(c(-7.35600097825363, -7.37679024941835, -7.37583019565299, -7.35504544936684, -7.35600097825363, 37.1297103378531, 37.1289431281845, 37.1122975514259, 37.1130643009178, 37.1297103378531))
"123";"25";1;list(c(-7.25484620139453, -7.27565297022302, -7.27471323329078, -7.25391100379221, -7.25484620139453, 37.1834364029932, 37.1826860112835, 37.1660383569377, 37.1667882987424, 37.1834364029932))
"124";"28";1;list(c(-7.23403866352679, -7.25484620139453, -7.25391100379221, -7.23310800591535, -7.23403866352679, 37.1841831534954, 37.1834364029932, 37.1667882987424, 37.1675346015141, 37.1841831534954))
"125";"56";1;list(c(-7.04673682860187, -7.06755112071075, -7.06665680644248, -7.04584706013121, -7.04673682860187, 37.1907399851696, 37.1900260241589, 37.1733739686552, 37.1740875015216, 37.1907399851696))
"126";"65";1;list(c(-7.00422537745026, -7.02503658256159, -7.02415208805992, -7.00334542628443, -7.00422537745026, 37.175503637462, 37.1747973912568, 37.1581444166795, 37.1588502392795, 37.175503637462))
"127";"98";1;list(c(-6.83349900823453, -6.85429319583309, -6.85344854517852, -6.83265888723361, -6.83349900823453, 37.0977382168589, 37.0970631621171, 37.0804065424305, 37.0810811918734, 37.0977382168589))
"128";"123";1;list(c(-6.70628271176001, -6.72706740181719, -6.72625195203948, -6.70547178402798, -6.70628271176001, 37.0517337536683, 37.0510816975444, 37.0344224917374, 37.0350741561291, 37.0517337536683))
"129";"126";1;list(c(-6.68549735460811, -6.70628271176001, -6.70547178402798, -6.68469094949363, -6.68549735460811, 37.0523821779599, 37.0517337536683, 37.0350741561291, 37.0357221908639, 37.0523821779599))
"130";"127";1;list(c(-6.68469094949363, -6.70547178402798, -6.704661522819, -6.68388520720148, -6.68469094949363, 37.0357221908639, 37.0350741561291, 37.0184144964801, 37.0190621418252, 37.0357221908639))
"131";"148";1;list(c(-6.59998634565765, -6.62076077062907, -6.61996989023876, -6.5991999790392, -6.59998634565765, 37.0049547950412, 37.0043220437624, 36.9876607167789, 36.9882930876953, 37.0049547950412))
"132";"157";1;list(c(-6.57842942149208, -6.5991999790392, -6.59841425876852, -6.57764821185222, -6.57842942149208, 36.9889218336832, 36.9882930876953, 36.9716313191336, 36.9722596870953, 36.9889218336832))
"133";"159";1;list(c(-6.576867644315, -6.59762918429239, -6.59684475505829, -6.57608771833105, -6.576867644315, 36.955597479476, 36.9549694893786, 36.9383075984529, 36.9389352108476, 36.955597479476))
"134";"160";1;list(c(-6.57608771833105, -6.59684475505829, -6.59606097051443, -6.57530843335175, -6.57608771833105, 36.9389352108476, 36.9383075984529, 36.9216456463789, 36.9222728812325, 36.9389352108476))
"135";"167";1;list(c(-6.55610546278454, -6.576867644315, -6.57608771833105, -6.55533004059943, -6.55610546278454, 36.9562218486388, 36.955597479476, 36.9389352108476, 36.9395592044794, 36.9562218486388))
"136";"185";1;list(c(-6.51151731551423, -6.53226277164873, -6.53149438508551, -6.51075341910547, -6.51151731551423, 36.8908058049861, 36.8901901625337, 36.8735269024816, 36.8741421743815, 36.8908058049861))
"137";"220";1;list(c(-6.48622414775045, -6.50694334314318, -6.50618320547228, -6.48546847876112, -6.48622414775045, 36.7914329368028, 36.7908231155923, 36.7741591227921, 36.7747685765599, 36.7914329368028))
"138";"227";1;list(c(-6.46625614847524, -6.48698043820085, -6.48622414775045, -6.46550433089677, -6.46625614847524, 36.8087038229027, 36.8080972368906, 36.7914329368028, 36.7920391573805, 36.8087038229027))
"139";"234";1;list(c(-6.44627919926458, -6.46700858438041, -6.46625614847524, -6.44553124042307, -6.44627919926458, 36.8259717747035, 36.8253684284038, 36.8087038229027, 36.8093068057784, 36.8259717747035))
"140";"242";1;list(c(-6.42480571770927, -6.44553124042307, -6.4447838962433, -6.42969874203501, -6.42908462868447, -6.4283328862837, -6.42810657487822, -6.42692234719911, -6.42575143693732, -6.42549442412214, -6.42531678665988, -6.42515100251685, -6.42508525505755, -6.42406284745189, -6.42480571770927, 36.8099061851808, 36.8093068057784, 36.7926417769869, 36.7930782272947, 36.7932902492444, 36.7934481440683, 36.7934813464267, 36.7935440117025, 36.7933884004892, 36.7933292980718, 36.7932697594082, 36.7932363420039, 
36.7932113237066, 36.7932407952854, 36.8099061851808))
"141";"244";1;list(c(-6.42554919896275, -6.44627919926458, -6.44553124042307, -6.42480571770927, -6.42554919896275, 36.8265715153637, 36.8259717747035, 36.8093068057784, 36.8099061851808, 36.8265715153637))
"142";"245";1;list(c(-6.42332058767003, -6.44403716620158, -6.4432910497749, -6.42257893784377, -6.42332058767003, 36.7765753456987, 36.7759766883505, 36.7593115398904, 36.7599098364419, 36.7765753456987))
"143";"Total";11044;list()
